actual,predicted
26.74578846887128,26.712683
24.436874880830352,24.78264
29.99598371456807,29.847942
29.82928669629015,30.137604
30.355084098565065,30.377214
26.25780323788657,27.051058
28.576529744417783,28.485174
31.417788341738444,31.32432
27.988602950291824,28.093327
27.396055670916713,27.018482
29.69915160218462,29.557793
27.64695108381202,27.360899
25.79625897016023,25.98914
24.46134175821816,24.284296
22.959381603416176,23.686386
22.714016320083505,22.537031
29.717034541929667,29.917486
23.796302691915542,23.688976
22.80533318533571,22.824314
25.65017364142773,26.32823
18.541112455417476,18.17538
21.101124801404332,20.899769
26.992502593811047,26.974821
25.08011422203838,25.202185
24.22154850349992,24.030384
28.27277410184371,28.020224
28.82194138226102,28.739906
28.581225686774054,28.391016
30.430211887176657,30.456413
23.346740861771487,23.880037
32.65750253400315,32.65089
30.912062370278196,30.91309
27.3398732005342,27.492659
32.12627250960525,31.986853
22.71447366354537,23.294046
20.340057494876895,19.909615
25.13119704590241,25.348188
27.965654417921172,27.735222
29.449742766556703,29.465315
20.71812172645895,20.936152
21.155473924269742,20.965952
22.543607102092302,22.382221
26.36226063845513,26.542238
32.197160330577844,32.106407
23.00035377315865,23.050932
32.63233235279125,32.694866
25.68619927130557,26.178522
28.579443443062445,28.157528
29.73495309997618,29.85624
21.31866556913613,21.72322
29.27713936348413,29.066042
30.65415990026608,30.590237
30.31867797988574,30.330967
21.7618030049539,21.896227
23.178565849174973,22.851692
29.228619882538652,29.194813
24.25602004097316,23.911526
23.948114751593273,23.501465
26.97070809951326,27.388002
19.752310541466223,20.193075
20.44920199615968,20.30207
21.172609335789435,21.683416
30.22921494727543,30.200365
31.434166537226567,31.41066
25.81695524400579,25.869377
30.677320239706845,30.690521
22.127497277082668,22.933874
25.205770114178677,25.442951
29.955287685211793,29.982388
29.41249074952427,29.521236
29.38635171841659,29.330824
25.99754849121487,26.340397
28.468384882173076,28.36603
24.02532134561856,23.65963
29.58287614413373,29.534348
32.082023480395456,32.34539
24.01291488576302,24.42977
32.687746378144354,32.654976
26.191872511754973,26.152761
29.540730112993145,29.586813
32.16243017468824,32.107983
33.70875205356681,33.677204
24.9640447705129,25.546232
31.138474000716776,30.993752
24.23223117231916,24.257502
28.347047600842117,28.623615
21.514421383465972,21.663948
31.446561500152363,31.468683
30.62923579347536,30.590347
25.513686079010988,25.418783
21.010963618233532,21.662947
29.21470640044702,28.834541
27.68962350784443,28.000988
25.586662712477832,26.023363
26.971796279982563,26.956455
22.28205568099505,22.828857
22.90725643701051,23.6002
29.929069897495417,30.053165
28.62772711945982,28.36373
33.12754751156772,33.089764
25.049642117625496,25.405783
20.082422089384092,20.39457
26.130962915090976,25.612167
28.7888871969633,28.93928
35.10557895278282,34.475445
22.577197492937877,22.794847
24.97454953219827,24.986773
28.81432181798229,28.311617
24.5722088392116,24.703268
30.350456096316087,30.361498
29.344481218434105,29.370913
21.257765409258475,21.704498
33.6459319128198,33.534554
27.645795417905827,27.798424
25.986392017800295,25.574823
31.459390597519196,31.531883
29.77879839425321,29.60792
31.68922491193441,31.712664
26.04264278040403,26.238611
30.261824874556012,30.327755
31.02121343359713,31.147142
30.100098207444468,30.093174
32.318851841430764,32.14822
27.145670642858477,27.538507
24.63946364823184,24.195044
24.780242115381228,25.12909
27.493129138775988,27.448637
30.2074963795734,30.601385
28.951852626508725,28.935877
30.188184544766138,29.784372
23.475018597299524,23.326569
29.785370880098284,29.622856
28.22592831060856,28.101856
29.013436690107294,29.30808
25.61118149382836,25.564026
29.24972757001659,29.153236
23.982251374256144,24.213146
25.934052244983786,25.643312
30.04720164599599,30.040123
24.722757627364818,24.277996
25.32299771775442,25.8578
28.503672113875695,28.398193
27.982653587867375,27.557625
27.114493500206574,26.549446
29.230389401380176,29.070995
27.13271316401264,27.293324
31.697407789490946,31.645857
27.943305882383264,27.959066
28.86232212561959,29.33072
28.375581591597538,28.228561
31.80103725317544,31.78299
29.374151389520723,29.562086
32.74003198404337,32.6517
31.188884645416245,30.953768
23.572080215952205,23.44186
23.575222059774493,23.056107
24.388901857443077,23.861174
24.50515089777368,24.138601
28.58453164099581,28.722212
23.277114152449403,23.004484
22.27416358017224,21.986294
23.267423644455775,22.891447
27.32400693758001,27.126835
27.475823650699528,27.787783
24.9720562876243,24.890316
28.77079011730757,28.423782
21.86544772186191,22.52267
22.839293111883105,23.014776
25.897060797509063,25.96814
29.684735722914372,29.72514
27.450008756041584,27.395166
29.31371436966261,29.469263
29.158869780577483,29.07842
20.771666215884537,20.587223
26.310384094027704,26.652689
22.309072072983795,22.54843
27.13830600488304,26.701475
28.99334910628716,29.015982
26.64837273889888,26.705582
21.15465034641761,20.67263
26.828214651136054,26.618292
28.417230481246413,28.282696
29.301078383663004,29.08446
26.988903912509947,27.294926
28.69442359922624,29.019987
27.322422408859023,26.893188
23.716295278273456,24.335629
33.29003934253157,33.44072
25.399949995574495,25.346928
22.882888770366755,23.08935
26.213960105545112,26.531427
30.460776379680944,30.47066
28.849962164325945,28.693783
25.797884564712312,25.84473
26.85101373174743,26.630238
28.776957084312013,28.648054
28.557504612647563,28.718157
32.49400659225519,32.49967
27.59461781285109,27.404436
22.6740410771539,22.910511
20.556690169128142,19.975986
28.01573385800075,28.068344
21.6905005385465,21.085167
32.73920790862911,32.72601
28.776628799608993,29.10634
27.822895218495987,27.933565
21.966810517096295,22.32417
26.364977696940183,26.273878
21.93385139161301,22.605032
34.533038039427694,34.12804
26.71554571081297,26.50805
28.66313764851032,29.057365
24.078289256606155,24.074314
29.66218789090197,29.603928
22.725296633129815,23.053555
20.7985947257175,21.229214
31.921639237461928,31.892733
30.61858299822402,30.942
25.79125585643374,26.165741
28.157349573781364,27.928
26.304971766421637,26.204975
26.7131730437436,26.614466
23.828231844806737,23.70879
30.224486790943622,30.63806
30.335480080720185,30.28596
31.85276262486066,31.823753
31.324809977588295,31.31246
25.266188583727292,25.945295
31.85342142423368,31.655283
23.147138425388405,23.272036
24.50085606913298,24.869003
27.67829041794491,27.45516
23.877616756676716,23.702818
26.904460260461075,26.400955
28.762700043363974,28.472826
28.337040069363816,28.412823
31.752739168139527,31.620691
27.430682415777397,27.218046
25.287341310622637,25.680489
20.653093880181647,20.908466
28.700797649744384,28.71296
28.946015545018064,29.12693
24.18005142189651,24.2353
26.003236283151725,26.110601
25.16421276323554,25.593912
30.33156527481245,30.39438
24.487416169654395,24.318186
20.49213039524317,20.19507
23.966950225116676,23.402338
29.882161814567397,29.901821
29.773578027684408,29.33254
27.483859423718897,27.181847
31.12064831264377,31.18662
33.0661928569501,32.88514
26.655732121948667,26.432343
27.877029740418557,27.798141
28.001287475362385,27.651438
26.028787169584515,25.802114
26.457694656858465,26.086739
22.03036474090062,22.252317
30.497701077512964,30.628485
15.613807163500782,15.084998
24.29918351351817,24.351095
27.08587507229331,27.147879
20.41712402541446,20.616219
31.0648507324966,31.036118
31.452054122553612,31.499092
26.94848285249958,26.495249
29.426256870068535,29.360216
31.15449809931801,31.021954
20.229864940855048,19.842442
24.791904548423226,24.98917
29.24513710813423,29.020592
24.357216431632608,23.943363
24.42686869849321,24.605928
26.68232736937364,26.267735
20.50206248380697,20.663012
30.719973220008512,30.686096
28.46521226979354,28.09103
28.67548884300947,28.799282
25.982536635320887,26.325691
26.65473266179533,26.75273
31.36469916214648,31.331612
29.752433109117412,29.998016
29.877259084984168,29.93024
30.346207054875045,30.38718
26.83629066228988,27.131971
20.998621989303487,20.706537
22.178705149407755,22.895462
27.6624336020904,27.81533
22.572212668576952,22.593409
25.765021950384305,25.55024
28.257580570463382,28.142336
26.383476163367156,26.106134
28.432498235826177,28.53628
26.15727106991597,26.127144
25.967168921049172,25.487898
25.38962298322395,25.51381
28.093979915819453,27.984442
22.266481485727155,22.962854
27.62852037716685,27.145638
28.344878796813465,28.116259
31.38518923647444,31.340708
23.08811652820476,22.543564
29.25327076458062,29.212706
28.73900043872586,28.944181
21.118453305355622,21.430124
20.08234288278858,20.166166
30.031066007143757,30.037302
21.97868065226198,22.24139
30.622838976599436,30.431816
31.22820455122747,31.376608
25.219547421534344,24.99309
30.60601072342343,30.562012
27.18207190053844,27.542309
23.35852036003427,22.848684
26.44679976540743,26.272331
19.880523086591474,17.361101
25.82549516265315,25.963451
27.961960195714983,28.581675
27.571188031853,27.615318
26.601087459088504,26.815706
29.8200547778669,29.765833
22.74214786879779,22.320642
33.15448232095332,32.997776
20.016072156403293,20.063076
25.63578998038508,25.218193
23.62740926861749,23.07459
22.39592509138924,22.286264
25.68270374412128,25.722712
31.318248689563724,31.364952
27.212733523101548,26.723166
25.443664054141447,25.72454
27.457242381241777,27.37522
21.181305181202777,20.966385
30.062186172796373,30.073378
22.74887929879926,22.6259
31.3127520230177,31.038769
25.180023723053324,24.58382
19.67212360659381,19.238005
30.30608247491484,30.106785
23.253492936207248,23.476765
24.32038860678364,24.417921
31.922866304199864,31.887047
32.79708332147794,32.538006
34.46075780599013,34.28666
24.972570165365653,25.392937
30.31213340610902,30.416267
31.671794598293317,31.579199
30.08565520931777,30.089382
30.26896671210312,30.302479
26.485096616214356,26.862505
27.901994367637375,27.613981
30.71409111903448,30.691221
30.842103063534417,30.699436
28.077133710722592,28.291594
28.941542822055872,28.590439
26.6981491984952,26.570293
24.952221556103662,25.039043
27.873632007979076,28.329828
26.827628687617885,27.278124
20.795208381053904,20.494759
28.59643868067061,28.162722
26.010657422867254,26.359072
26.12803198805304,25.895163
28.92724017642167,28.884937
28.21828694120064,28.259691
29.006474093710963,29.15114
28.03686378652083,28.181492
32.69901089176882,32.622295
32.011824444052934,32.09295
26.427110336212294,26.514328
31.936848062098708,32.137493
23.72857867602269,23.788437
26.93693026078664,27.424276
20.382697522295427,20.970123
31.420637081089836,31.357243
27.247566315857583,26.952477
28.51062360993952,28.351982
23.243304569614807,23.943218
20.01270424051672,20.875412
27.11039016859661,26.860056
33.58760009533326,33.307125
22.723290765091477,23.29547
26.920452985481877,27.531643
29.017299475749276,28.947912
21.996532205840246,22.524094
29.90372604179936,30.325026
23.572700032820592,23.127966
22.94503101858486,9.970589
23.972773445652916,24.293133
30.54148647852588,30.457462
29.762147388231337,29.651756
19.733336977468312,19.087337
29.442699827718457,29.38353
27.551260197654827,27.320053
23.990446911590652,24.235737
28.289561229778748,28.858158
30.698373579292813,30.613127
22.91577038651375,23.064539
30.936491400648677,30.922232
28.692195734671305,28.795223
30.192600894438726,30.052986
25.534817254936396,26.02349
25.84824166126888,25.71446
20.31438904245523,20.323927
30.061795696280356,29.929739
18.11207138872781,18.835178
28.719253723506817,28.479511
32.19551570667838,32.009743
31.61531183360856,31.381762
30.25417954847829,30.274366
19.925033154619527,19.778181
28.87233192166671,28.952888
27.764338874010928,27.872444
21.836829170817293,21.921661
20.50268609705732,20.695261
22.358888868826156,22.928228
28.707944615291083,28.61134
33.13604823677393,32.86951
22.09435112711465,22.4903
26.384821647117725,25.896004
23.685412898333627,23.895079
29.405549976659948,29.221083
25.425388796328868,25.729637
27.14412240454991,27.253908
29.69200016274796,29.39709
28.73597075395143,28.783163
27.195628290184708,27.299355
29.331653980017222,29.366556
25.72117284983819,25.438244
27.15686504506295,26.997173
20.541375269113047,20.608511
22.25093527947008,22.323545
24.89340677912469,24.440443
26.211285399039753,26.515997
22.76131639686156,23.267305
28.215442756970305,28.237915
22.501040257649574,22.042957
26.468747930617525,26.745335
20.17735074518626,20.411163
32.22386379339373,32.167034
56.79329514839369,40.044186
32.073105462462664,32.067013
27.194344081737505,26.965342
28.056320514164145,28.04037
29.09183311447625,29.012419
27.457295692424392,27.319202
23.84344612487141,23.885248
22.355828568291383,22.165943
28.850821438247245,28.583054
29.42294019707134,29.28991
32.95578797945542,33.12853
26.03515544154923,26.538774
21.718012054349263,22.374386
31.011569670554874,31.165915
29.62339873675352,29.131382
18.261398164799523,18.724178
25.870741925344667,25.333181
26.37190330564252,26.36229
32.19730676358028,32.801594
24.10148373709272,23.898914
28.683622460618643,28.661245
29.35865223363985,29.267231
27.757240714116595,27.693453
29.98767430249241,30.182426
29.3035463387413,29.31606
23.80180365258486,23.394575
22.071492174867224,21.975094
22.306783024401156,22.469238
21.704423481466996,21.943604
28.56244548565604,28.3518
31.7322389801388,31.687046
29.58014559503784,29.262033
21.936502579910133,21.624554
27.210875113393797,26.993774
23.352531897641192,22.73336
26.149970143261836,26.264713
25.074939305750988,25.271257
27.8519676948804,27.379173
30.070337551665883,30.056921
31.779620171375953,31.59178
24.387306296392673,24.733076
30.319051367052587,30.322704
4.086375602805727,12.845763
27.54091372396738,27.751028
31.35542413099312,31.43541
26.628218309635116,26.937368
30.334304812165698,30.28673
32.132411554296645,31.981483
29.278108851519946,29.432673
21.808546466043545,22.581617
24.559916404410167,24.453989
29.671386914849936,29.84893
26.88530949152383,27.064947
28.459537422895004,28.625414
27.474361531272624,27.106485
21.443563283430137,21.760145
30.160175780978367,30.72534
23.336916278051056,23.392775
28.19537083091689,28.437511
25.425052448638706,25.948065
27.680416837899823,27.9111
34.95284234071211,33.953278
25.582268149673745,25.598679
22.475984706253023,21.952337
30.48608372483839,30.427685
30.947450949716703,30.965996
24.749836667549744,24.513056
21.103910524785373,20.390644
24.900280275787058,24.664766
23.946935542173023,23.341503
32.76000599576103,32.68416
23.837020848501687,24.174932
22.831551247696932,23.337915
22.096869917166757,22.629074
30.28335650094633,30.448347
21.858491917000237,21.77907
24.838285545742096,25.08482
22.62010204514579,22.457104
30.26237155304841,30.41932
25.78013392766575,25.290407
23.11775513388223,23.732588
27.698587987154117,28.069569
27.70770329459885,27.482561
26.14599852046213,25.590904
27.973005174107577,28.255604
26.09382128835919,26.195103
29.33838035897239,29.352419
27.13591872005016,27.191614
32.084867581737186,32.063316
32.10585261868762,32.069458
24.826531144260088,25.02326
29.66283208363069,29.559603
20.566670591575697,20.981674
29.45295270828129,29.378004
30.16072824872426,30.341585
29.53948988680083,29.453432
26.308519238630264,26.665676
30.06633280960363,29.999458
24.783511296684704,24.465628
29.458084760998375,29.734295
22.285571582797942,22.439445
28.551262170945492,28.500544
21.445921738642827,21.217258
29.48706297206264,29.643717
23.62513317337046,22.98153
31.09498761135607,31.046677
29.420137115907306,29.420162
32.50747435732707,32.607292
31.278820580165785,31.32152
26.6186245559028,26.326307
26.733613171172095,26.956944
21.986554352066996,22.305212
27.453695416403008,27.564934
29.969530012448416,29.916811
31.11032105231406,31.146326
25.44773373740069,24.972675
24.961942656905563,25.430208
32.229552338436946,32.131947
21.39037043380826,22.049995
31.603803486953936,31.580091
32.37122149713314,32.37653
20.813388610359503,20.729721
21.460777763550503,22.067554
28.693024414116884,28.9272
30.623427479705484,31.024511
29.4905176406066,29.266626
27.266268477199574,27.340876
25.727758693521487,26.23746
30.803069709002532,30.90784
28.74264928256778,28.240196
31.7105165214212,31.739014
24.354826343387856,24.560408
24.03740860849709,23.74905
28.546967326476317,28.337795
23.772780918142043,23.429716
21.53918202533898,21.41401
19.057212114935076,18.951984
24.065024463137185,24.387339
29.34101154273684,29.485537
24.19083879524924,23.984362
20.000451042316065,20.41444
28.098248010068716,28.25541
31.658580227049796,31.560766
22.79894551355741,22.667992
28.74103834392165,28.696507
20.29215338928224,20.659706
29.408948482555985,29.468176
27.96985025387407,27.828262
22.515273396834857,23.023102
28.715370679666893,28.443129
28.933873340580305,29.076702
30.976379523729623,31.01134
28.861943213178915,28.753677
31.758645718857693,31.807009
28.076617707289223,28.129673
29.366071575119538,29.26197
28.52900179040082,28.35156
19.594230156539215,20.130543
21.541414828624024,20.95596
28.503527598541716,28.706232
29.809387852768943,29.62213
30.867713306800177,30.918478
27.812790210222627,27.792397
26.56298671241924,26.185581
29.77070324344158,29.62705
29.189868347670767,28.723309
18.471984399447575,18.406616
25.162288100894106,25.229761
28.94293468265594,28.856365
33.02553827887351,33.060204
23.919582362946684,23.9232
22.46542097030449,22.038351
32.63402863308599,32.44642
21.7765626383935,21.647467
24.43350862100108,24.550406
31.423196056174508,31.77973
30.753720181888603,30.854568
21.182920704686417,21.636387
31.067662938971488,30.952162
20.856533035439153,21.272293
24.614847379573156,24.257658
25.203461265952782,25.41532
23.26665851520056,23.161983
19.09417728928853,19.260395
26.36816591885821,25.834599
31.592832624294456,31.550213
33.23224380900616,33.43119
22.58308087172272,22.452564
28.46910201118255,28.109554
31.27950447280741,31.012478
25.236649544215393,24.565155
24.47992826611354,24.786366
26.864386901897507,26.363117
27.46556008395042,27.517643
24.55212089855843,24.687101
28.896258608521045,28.958492
29.386768440654365,29.301653
26.60491051297816,26.430483
27.579503140732356,27.642162
29.81882814341175,29.669594
26.413922362856297,26.333477
26.688656967499263,26.948061
30.667652909447767,30.5902
29.729522502526574,30.01396
27.427553232758825,27.34318
29.21590815152459,29.323627
24.62796510114223,24.777454
25.298451297620055,25.426329
26.77052090972917,26.74645
24.932223763921897,24.537899
24.940715097736614,24.859194
19.856194899463866,20.17695
30.206051923625587,30.405464
24.50611156401351,24.21568
30.07927367966883,30.250671
22.293617875898804,21.18522
24.639764414857076,24.371328
22.199807321172223,22.688606
29.05544394611856,29.201654
27.50605062327971,27.038435
21.820321211405204,21.783052
31.54241312026708,31.376905
28.068942199943816,28.087524
31.516856632650395,31.497263
29.59358322468789,29.814459
26.560761183129618,26.894575
28.77430648809763,28.924831
27.71826953038954,27.415068
31.469780280146914,31.383047
27.328402970574594,27.267971
25.82408108126187,25.624044
25.63582861196028,26.14357
21.279060169552075,21.864979
24.66881732946492,24.51569
30.50466602367736,30.45198
30.214412392452584,30.359247
31.958871271318085,32.028057
23.05022063405332,23.593763
27.049936478402827,27.377796
25.31328667306534,25.159115
28.52093163142013,28.659447
29.6925565006109,29.569023
21.976132138255046,22.723747
30.244307994165833,30.157753
28.6547062062425,28.909966
23.265834830055283,23.328018
25.38861884641812,25.457726
23.432887004697427,23.06781
24.57654749067629,24.855146
27.68814985778689,27.401026
25.183021270175256,24.83589
28.74002196120002,28.717659
21.139541344792065,21.547138
25.5080528546316,25.422052
25.660702500819205,25.984632
29.22716970488252,29.13908
27.8754652949044,27.914206
27.602628464090177,27.851992
27.355579537284733,27.266737
32.226394457801334,32.294033
28.37243443937119,28.348145
28.258131945527097,28.252724
25.29307921266627,25.036283
29.432859978571223,29.069
31.84214201064264,31.915012
22.29410146090742,22.11099
20.774032934475446,20.3472
27.351443940757573,27.354486
28.940289172184784,29.08473
31.79600536033408,31.33149
20.330326095304137,20.549866
22.451796609089456,22.315523
28.407621081042876,28.313656
31.625263360516193,31.414698
24.0567554748574,23.29896
31.162557120094696,30.975124
26.427744964615535,26.890318
26.01030776821796,26.509668
28.194990524477458,27.944504
20.88448477705576,21.638077
22.89566061723486,22.432264
26.576430071517592,26.567303
28.3557437437935,28.282629
23.866645106736833,23.282793
28.53422452024864,28.490204
30.557663799335252,30.634087
28.74459570767476,28.956448
29.55545644125378,29.475124
30.62958824739315,30.719683
22.389723435923965,21.832361
28.904201008443625,28.677837
28.992212227730516,28.958063
21.237080936941236,21.170118
26.77223780394695,26.650791
23.760653457829264,24.240593
20.704815396394217,20.22834
30.527355592240124,30.470678
30.319579418849912,30.476278
31.761038428702378,31.578894
23.61266519877072,23.961405
30.983219939746828,30.697197
24.82303956680916,25.46729
28.77152799270847,28.564873
32.58439688929816,32.375908
20.944405283899098,20.918142
26.037228153075667,26.140337
30.884468891161596,30.970837
30.758399022351973,31.061348
20.994603799015316,21.415958
26.91160556629876,27.215673
24.21352348210036,24.260218
24.01187274662208,23.915396
29.553381491387036,29.552315
28.58790185912914,28.73128
22.975756534205324,23.01368
20.12910838706641,20.47476
23.75111851730844,23.492922
27.503785598917723,27.192045
26.781463217806085,27.137493
26.217670192076913,26.622477
22.749364063315124,22.435774
28.26870894389984,28.208773
27.29615291729877,27.269606
24.984214309060825,24.810013
28.888344677405215,28.763966
22.71468275784792,22.098694
19.6819418578524,19.339182
23.91551726098992,24.071695
22.26498947894681,21.957664
32.22446232853437,32.147396
23.381586925336975,23.448483
26.098162182960543,25.974743
27.905063918909683,27.89812
28.316643083137564,28.545311
31.782690138752848,31.878141
27.322277196201473,27.303553
23.400725521520226,23.078894
29.38271221367612,29.126123
22.544557173327373,23.086649
21.418477679303944,20.901535
28.76063080020772,29.045769
22.24303015357597,22.307377
28.76749824968928,28.348295
23.628355241408578,23.400978
25.257645765181415,25.144974
28.649959793724495,28.965862
27.192669785069576,27.26929
28.388486834214625,28.651402
25.805218475327703,26.119198
30.59992881454656,30.207773
28.759356842670527,28.93061
28.372659753356423,28.159254
26.810025427919292,27.14777
29.58878833586813,29.602041
27.642351975759293,27.560772
31.69330549027902,31.669304
23.560489150706665,23.384949
29.815822065154236,29.691587
29.352411016514527,29.407513
28.67392915364644,28.635181
21.175121362086113,21.505219
24.22237871917009,24.155354
31.353475075047943,31.395103
29.66245244198192,29.81055
25.17436196266617,25.686792
22.89897691461954,23.37026
39.11995966356789,38.89603
25.1922505241471,24.945377
20.007906419535153,20.408236
24.829857665682173,24.355528
28.85213105771213,28.478336
24.398595593963982,24.473032
24.8331959093949,24.901567
21.416989576410813,21.654522
28.89846342918592,28.88064
20.750707202067847,20.623049
29.568392498014873,29.191301
28.00937819591038,27.978577
33.110633645177685,32.94221
31.784029463482355,31.390991
23.712076054729096,24.115303
21.590764169482146,21.977713
24.814305003836125,24.770535
27.785907094575375,28.073694
28.58990601169548,28.49614
28.37787398947045,28.434448
28.049824753449037,27.36883
27.66357380494199,27.747652
31.8468340272754,31.746563
26.284279165805582,26.013508
20.978969970747208,20.560318
19.593673804866437,19.78925
27.28858598400084,27.318974
23.39957053624171,23.709227
25.147846572073064,25.701977
27.918627982522946,28.224873
24.073147013207,24.326775
28.637165359950785,28.583216
27.446180447043176,27.54142
28.990397976274885,29.128096
30.199263265237292,30.135687
26.713782248196047,27.07306
24.909528836763073,24.48636
20.113890988971324,19.713482
28.970074495363217,28.684502
28.133019259448595,27.723354
19.08305095794619,19.433886
27.889930736833687,27.894611
32.719615904714935,32.628708
24.039880544012014,23.79052
28.117848967465797,27.915462
27.388333298209503,27.296907
31.360637986402832,31.288977
28.39269008272133,28.386257
31.22828555409859,31.170904
29.08671620837036,29.402205
28.49980237876649,28.178314
24.858905950669325,24.525845
31.949479059605963,31.840899
30.81763474801103,30.857758
23.490742547358025,23.916792
30.313057977835378,30.166546
21.524145882570892,21.152054
22.4477830492065,23.0899
23.71799327232656,23.497757
20.38960775349028,21.09184
20.603884630932814,20.483303
30.228166005617418,30.313156
23.605775202490097,23.308634
30.914978576034727,30.914928
28.79570521751807,28.255516
27.92410203293273,28.342127
29.134790639080336,29.155388
27.39605624579964,27.066826
28.59228738526544,28.321018
22.263026901951548,22.870481
29.226745212660916,28.821112
29.32594448725543,29.127708
20.194269586704017,19.534275
30.295680224633465,30.28787
30.558903794424715,30.800318
20.357230038863555,20.248226
28.831658879880592,29.01079
31.05509759483519,30.928894
29.563859221702053,29.361675
27.69157039480585,27.348452
29.79590552897308,29.909883
30.071055687847913,29.69736
29.386634789551948,29.109451
20.85359002093272,21.328888
26.633545493244696,26.971071
30.418382532092544,30.577038
25.7135054648057,25.173948
22.53172514356104,23.185068
26.18609737791959,26.577848
27.204361707366047,27.21463
25.646737463988607,26.122623
30.487602235837052,30.335487
27.964798027744315,27.709936
30.8866040595431,30.872114
21.334970805835468,21.660242
28.584125509161883,28.940163
30.50201397881028,30.036755
25.257452145954012,25.469744
22.5532861986708,22.343666
27.051971331508213,26.9318
30.51610215465469,30.551224
36.59876540753375,39.12402
32.834673264792464,32.805
27.467429138168665,27.456144
27.173643334915155,27.165312
25.638933644689352,25.722002
29.394012302060176,29.168467
25.449488600113707,24.89679
28.540908033959887,28.505108
29.6525182370856,29.64579
24.04025465005699,23.592976
26.62583294340227,26.111158
31.62389634613136,31.493937
22.934068845736967,22.898783
27.81590492378613,27.837576
27.163004334036856,26.709412
24.307676244160454,23.786219
24.080441578927108,23.41017
27.730357651803335,27.616657
20.965111460267845,21.308727
24.18259482269658,24.427416
32.11324577902768,32.170494
31.7806338484597,31.758307
25.51645225528813,25.861036
23.03373412614888,22.776224
26.69514045960974,26.996346
20.36050623239513,19.887678
27.63178874552767,27.529942
28.47867185282504,28.694653
22.757647900147457,22.573109
24.981743891480196,24.844322
29.93636770163018,29.974335
23.94497400074315,23.30953
29.759526771114565,29.582298
24.60631574422769,24.527433
27.090213127927132,27.347881
26.67316500426936,27.011679
30.04449865696632,30.095057
24.319163895598024,24.938694
30.30622300247517,30.681742
27.806900860915658,27.592276
25.17114469111308,25.342857
25.148925556737,24.404615
28.606099778736308,28.784515
27.88212315868678,28.01277
23.32975226189628,22.904469
24.697813402565128,24.95805
30.63507729425894,30.684002
29.840223696182235,29.757814
21.68487688515907,22.037676
18.18880882883858,18.531872
27.943238566188978,27.93177
28.377768425657575,28.553581
30.23161777659944,30.222315
30.615199753394663,30.591768
27.925561439013105,27.960575
32.14563700632341,32.178288
29.611193523913087,29.993906
30.66227838558993,30.571203
31.808072307417184,32.856647
22.39719914108519,22.36396
26.473169520791934,26.046408
30.086328811071727,30.038254
26.6438660142327,26.668095
20.26517345984412,20.932322
30.107463706991403,29.957281
26.261672520730677,26.429735
27.836262908309415,27.360382
23.693385904879943,23.266773
22.855298739121523,23.48076
29.84584329919514,30.066206
28.55019385214498,28.208282
28.60690927243868,28.759348
27.02063732890307,27.408648
25.400434542595907,25.081758
27.915276901869035,28.038034
32.72551223140244,32.629456
26.803863006514653,26.833357
29.903541373116845,30.07649
22.66654090766991,22.303204
26.20023291855843,25.847557
25.37311164211622,25.447844
30.15740618306616,30.22087
25.702606335926895,25.63629
29.788745101955943,29.979979
27.88625668644647,27.692204
30.58808103456941,30.79887
22.484710154664175,22.868248
29.33717791048352,29.707825
30.192529652706735,29.94273
27.20671220080779,27.564787
29.47224462210982,29.472858
27.180464719059103,27.20822
25.13208396453239,25.203217
24.49079399648612,24.211931
25.788190542417368,25.69658
26.087809409129495,26.206764
25.034189723834693,24.87293
28.11132721991305,28.497763
20.917550893942902,21.333563
29.019975562296423,29.095415
23.888360683984725,23.90888
25.662346879415505,25.438494
28.360246761459425,28.531603
26.603528880537873,26.44705
21.492163088932283,20.959385
33.05438080043223,33.039715
30.825277775619135,30.611357
26.053758608731016,26.270763
29.02418264859891,29.518848
27.9945973256048,28.059998
27.691617843249126,27.478886
31.17684018400903,31.190931
28.03469768789627,27.932127
22.82845982666303,22.907854
26.96285665586285,27.369612
25.23483995633375,25.846617
31.054318278398128,31.046839
22.72013822731198,22.5739
24.935645776766265,25.33342
30.95628104803361,31.06179
25.70523178541702,25.30012
21.30995280508244,22.099058
22.39314963727531,22.756607
30.407660680753025,30.458084
21.3101670557646,21.703197
30.328439048593587,30.6935
25.500948927367997,25.112816
24.69862720573861,24.159424
22.743831028407712,22.435246
23.006614961386816,22.42055
23.200927052304728,23.558407
27.10094979183627,27.180433
28.32239563664986,27.979996
27.346125610133136,27.384298
30.91836772645351,30.876825
28.775275086933217,28.765242
33.52489544657889,33.440998
27.041304775699764,27.146845
30.651578133111578,30.754328
21.720484399534985,21.398632
30.29324245419227,30.528116
30.365702347639832,30.153454
26.28802455643052,25.959866
27.807004596431103,28.074244
31.5536724516636,31.64532
22.64515899556005,22.269234
29.59368652280417,29.595509
27.15056682540942,27.39589
21.429906455520168,21.512188
20.885218628107193,20.524765
26.576507458479455,26.206888
26.282837038405244,26.730703
22.722115981512964,23.240465
27.46693888057162,27.551214
32.855079506038635,32.74711
19.833101134047332,20.185873
29.976428135035466,29.980505
21.167424234702505,21.760168
23.503877460059577,23.31375
31.057142471501606,30.842731
21.71048226371606,22.26687
27.80411766911266,27.452143
23.18095281019161,23.19583
28.57143951544299,28.707245
25.29778580705895,25.281677
26.998648243378923,26.896454
29.574128686606983,29.317936
30.04879189920309,30.412596
27.44076269236456,27.361643
28.164888169258795,28.098352
25.7728367719045,26.263287
29.83939585814941,30.027645
30.003600455549005,30.369371
26.23077300068811,26.066881
26.196996830796376,26.322657
32.26204697063243,32.293934
30.490087918439222,30.602503
24.288698885847563,24.04399
28.972893465525267,28.884314
22.553953474553815,22.430464
28.12305835718487,27.727133
29.444983281460093,29.336664
26.87426871083906,27.035107
26.455665941490143,26.883448
29.328937949603834,29.243002
28.665431699959413,28.395418
23.090859644208315,23.364895
22.508079836965138,22.24265
30.318370641152494,30.26724
25.54423735996628,25.213999
28.61752712127587,28.548311
29.05215178250255,28.934013
32.2187829115533,32.171944
24.17304072987415,24.378384
30.26312293468387,30.201637
25.18496368870588,24.985188
28.33350914706603,28.68699
23.89490740769406,24.093739
26.713758082156502,26.946087
28.416670726725673,28.168556
27.05941512495716,27.360853
27.335910279522572,27.057953
32.835639900232266,32.96084
30.466096805588982,30.524048
28.42166310975532,28.845509
28.587157565215037,28.748802
23.99309639930958,23.474768
22.49291765509002,22.315752
29.845500305463165,29.411165
26.845545047815698,26.322058
27.96969181316673,27.731092
27.37025625112916,27.675116
19.619327447965517,19.756187
23.49773727850642,23.041725
28.96507958131523,29.157442
25.302519982133752,25.410568
8.17834664054773,15.364145
26.2348489119426,26.861603
24.9356796002681,25.267284
20.73637429694591,21.118565
30.33926947176088,30.18922
19.09330341623277,19.402182
26.323384608966133,26.637398
21.662092090986775,21.663836
27.76383422429639,28.019047
24.24586876268671,24.376951
27.433599644913137,27.441032
28.43535382412,28.739819
30.46440678525901,30.388237
26.12902369298247,26.160986
31.650479744541745,31.757256
25.15709993260137,24.99216
25.804436484890985,26.341972
26.797893510159017,26.99003
31.26288398534259,31.277418
30.449975493764715,30.747776
26.522351565699992,26.322786
26.606043065017033,26.281055
31.458086684805476,31.519726
30.209481643071925,29.874628
29.697708256659975,29.626053
27.57881654785807,27.269045
28.34384267711085,28.21303
22.00309921640726,21.772223
19.744531744286476,19.3797
24.973202340557467,24.451424
24.619750780499466,24.144918
24.1220534953448,23.683079
29.34755526156136,29.308575
23.931973855852824,23.41854
31.859231679477176,31.963285
27.068692202226963,26.784323
27.081924833346783,27.757086
28.686662592985364,28.97837
27.37265171777113,26.898214
23.477974593428463,23.438013
31.550658404612925,31.501116
29.54570268110333,29.695421
29.276835484412253,29.255453
29.42561540054509,29.356827
30.228233772653297,30.31662
20.511151448338648,20.687042
27.74987473108363,27.601425
28.831702744554665,28.804523
31.545130899125947,31.532625
28.118802984112556,27.765762
10.721613287029964,7.257832
31.989508743960982,32.845955
30.11106585598992,29.779488
29.56504362339293,29.422781
27.439224507872986,27.236769
29.599025231084234,29.451725
27.669055638397843,27.530336
26.335436199533213,25.96506
19.750034844746907,20.248371
22.786287437784033,23.139477
27.585543310839313,27.34139
28.55121382079173,28.49261
24.29042108822461,23.797857
26.78442143194868,26.810816
28.866006969882967,29.23631
29.85940856184138,29.970543
28.824084348069707,28.684303
30.533533165391304,30.777784
26.08989070128956,26.643454
31.20159316488557,31.186066
22.810716679282336,22.876692
28.045695009493528,27.9095
28.031456053518777,27.832941
27.79635390512452,27.9665
23.07339149808024,22.898026
24.614096848345987,24.075777
24.715178243500468,24.982105
28.552882414535095,28.148268
30.00565062256453,30.201923
31.40842476816431,31.557404
30.780514186573956,31.272234
31.89352247525801,31.841042
24.44509412404088,24.501278
31.84941285525909,31.832481
29.331867584181825,29.524302
29.374388556514283,28.810295
31.066161424579303,30.716599
30.92636707924707,30.924768
32.10380239401708,31.981512
32.91573541791617,32.818035
31.398576550948764,31.311144
31.339258538674088,31.27812
29.477639478003795,29.502735
30.36319031993776,30.612442
27.20553898985787,26.738869
30.79067585883248,30.751596
27.873044551664503,27.92745
26.811792145348868,26.99931
31.013747284285586,30.988905
31.862608136774163,31.783937
25.000181363357207,25.438824
29.62585167801559,29.582586
28.419956308837612,28.29325
27.14656532186246,26.70497
27.774495532935063,27.42023
20.604613406628232,20.963634
21.779400436181888,21.947153
27.24896259131836,26.854053
28.418954702926285,28.50412
25.313293754801524,25.564093
30.874500929213383,30.766445
24.22362400343757,24.765553
26.46587305898857,26.144138
26.81209749042925,26.441149
25.85405655724935,25.669115
29.278722295431898,29.063807
31.31455274096421,31.046873
31.432879092529923,31.35843
28.590069712203697,28.435295
29.21527860439204,29.603504
22.58532663902319,22.847328
28.41105697793918,28.378351
26.672274725671805,26.438463
26.661246740099948,27.054937
29.29305232876407,29.225943
28.527215582906425,28.628378
28.1681933312443,28.09857
29.94575690894022,29.819744
30.9203778608028,30.725498
27.2634456522329,27.100172
21.18109954196704,21.82773
30.40784364242957,30.314243
31.003303825129247,30.99494
26.941361511119165,26.86874
27.0939686697035,27.313244
24.037324926546567,24.077671
29.01779844760846,28.641466
26.65009499193275,26.281424
29.35746690724117,29.24929
30.600699793627328,30.52188
21.02355426862189,21.250282
31.27563182366022,31.175318
23.949634546122027,23.716677
24.9766046002567,24.994831
24.581972464039836,24.527876
26.702652469709072,26.750753
30.287373995095372,30.113472
25.725775357072788,26.121552
32.13086187708039,31.851458
27.68806115840348,27.621716
26.58627119335921,26.1819
32.36146518515676,32.420456
30.120763225775416,30.10575
30.465697139654896,30.66491
31.971777228845028,31.990873
26.983540323604046,27.2187
21.83681526526607,21.392551
27.8147772134163,28.31521
31.404944086289277,31.423141
21.612840517813503,22.195877
30.04996899562962,29.512814
30.48993296895763,30.07089
24.93974918575993,25.169981
24.467305861141917,24.694286
29.61380831269387,29.47209
23.137463837733645,22.553637
27.523671584312645,27.327602
32.12269588983791,32.15455
26.65632746478488,26.578379
27.22122656883274,27.265728
24.08748064086686,24.575193
26.023425382677452,25.992067
22.88104746278134,23.334002
24.979836810493083,24.859268
29.098748369114432,29.125774
32.02949457914353,31.736588
29.467206244763325,29.767424
31.15887240622162,31.2829
22.0855260226131,22.623917
31.464116996569096,31.50215
24.056385802046385,23.461872
28.569686286855543,28.518812
30.372689141262956,30.484457
32.09044896948765,32.140915
24.996128600479295,24.911812
23.3259246003062,23.287687
21.8495702563863,21.87615
21.56424001520358,21.808008
25.560968656000128,25.873257
22.172027130966978,22.27419
19.0350353240901,19.431652
28.3409525728865,28.711622
31.60417425063231,31.63632
29.727448513816825,29.462355
31.19523531889084,31.041616
27.71387633797295,27.61473
29.113798022776415,29.243984
20.488895998399236,20.521486
29.78773836861626,29.715092
22.227020380698892,22.746939
29.45641958106952,29.596771
28.26597308281994,28.07727
29.25106916654979,28.93871
26.318601713340904,26.758455
25.572409117670546,25.204836
28.87366945058448,29.202816
28.635516803308512,28.968884
21.57858720524515,21.62265
24.717399554583334,25.148283
23.292650950797167,23.757105
23.372606640768517,23.981207
27.337628885049952,27.797947
22.725925167646036,23.310421
26.439116449338727,27.00135
21.163179281639756,21.7659
22.28614759499373,21.62948
30.703101374822772,30.570961
28.90202954543493,29.360271
29.25280058923972,29.216536
23.97001704135903,23.810284
30.209354347300827,29.846691
28.928448886331555,28.802013
20.431294057856483,20.124004
28.193614003605,28.093502
30.371054529254387,30.220318
21.24601752343915,20.850895
32.020044167399085,31.717512
27.958029405777992,27.982557
27.844092673088696,28.146687
21.53445085970108,21.101181
29.64298167074672,29.486162
23.537253807320987,23.315443
24.626570260097523,24.149803
27.490059587758395,27.37053
29.375189533473968,29.253773
23.865752653684503,24.298082
28.780009815744183,28.447279
29.936984943105728,29.98114
31.228014070456094,31.183626
24.846027801737097,25.223871
28.81293680046432,28.78487
27.85873957623452,27.768932
24.410430149493564,24.769133
27.743855049868184,27.514372
30.03992278975161,30.0697
24.79439579064914,24.719324
27.162855173634934,27.146042
26.670279367250817,27.109459
27.84866765639716,27.940525
29.0743818655758,28.866686
27.895849350139343,27.593477
27.823895857935277,27.72085
17.886989569849305,18.44999
20.854716393652524,21.076187
30.693622767201283,30.786814
21.027354373945617,20.41769
29.21035179403486,29.002796
24.084655650740046,24.719536
26.41086853696368,26.225765
27.369875630432972,27.402493
24.41748161376297,24.983183
31.903483935267403,31.930117
24.267174219564023,23.747105
30.759076144201387,30.815018
30.23389356517885,30.288944
29.766735529882705,29.399246
27.444847211509146,27.685087
26.373884936069533,26.486975
31.193457244531903,31.100471
27.434730154866283,27.421371
29.489632519597475,29.583164
29.86741322720812,29.715261
27.433564425017117,27.185448
27.31034191165312,27.161188
28.849250228123395,28.919691
23.603276254445305,24.24852
27.757695140782843,27.839676
23.394663533787252,23.130716
21.0939708477881,20.49357
31.96340776406386,31.858059
27.68938989083492,27.211843
25.842998241917115,25.535206
30.42260585065352,30.23117
29.66919801278975,29.542755
30.105104795660864,29.829082
26.07379361905837,26.030855
20.038721572948795,20.37002
22.07340732474649,21.785538
30.45042427843496,30.321676
29.390746567603884,29.472425
31.328029275675227,31.361614
26.170336725358094,26.525566
24.21857473794264,23.88628
21.972987942706055,21.710808
28.840514117074378,28.7137
28.63969524825452,28.513758
25.93624172838314,25.967533
24.246759518852528,23.761028
27.913799392522233,27.586588
31.187484244447734,31.241665
29.319541606844155,29.128183
24.671060674366753,24.28784
30.06851501963757,29.92334
32.28023491551038,31.972973
32.17276215476251,32.154728
21.338623735687,21.2334
30.675911658371508,30.593327
20.489578213278,20.86417
23.55264291697101,23.688354
30.189145997979782,30.332462
20.83415795348183,21.083662
20.948022234106723,21.434628
26.147207274599495,25.901943
20.667947719878455,20.626143
30.69143274526617,30.737318
19.60758318105169,20.076616
31.18269278999303,31.157005
29.682536130169147,29.69311
27.460917046619663,27.032867
28.53087695587081,28.26689
17.46061985645884,17.324028
21.435319157004475,21.63474
24.46536795503419,24.733763
31.84066988310712,37.600475
29.127123729606165,28.808805
21.384604969697413,20.9108
30.061864864599485,29.875046
23.366578829673603,23.606243
31.136963734144217,31.057625
31.736749573508938,31.715614
25.915661409463187,25.77471
27.62315365132074,27.54441
29.411507545395423,29.403564
28.943196307339395,29.185057
26.632227869031414,26.69576
28.62614053097861,28.073809
21.215177476107005,21.048265
28.12704212859804,27.90155
30.19764393830862,30.31589
31.76761113784102,31.810123
29.38829808510845,29.18136
22.87652566978367,22.87414
24.83819242998847,24.907017
20.876408064334203,20.512066
31.08484422610305,31.073044
27.333231330708752,26.97458
23.81654171295525,23.563528
31.977116546733825,31.8124
25.395754165179127,24.866241
28.550928464770926,28.13012
26.1730040377559,26.137651
22.61397554563183,22.469637
33.12749586678062,33.069397
34.69326708465583,34.26618
26.682514250696055,26.311295
28.00829280914033,28.475594
29.83077655428385,29.68388
28.49502864469177,28.174528
26.600996544528897,26.744581
28.728444607350056,28.734888
30.17062796419733,29.94718
28.096606906265297,28.020632
32.14346488035281,32.354057
27.422827318408224,27.807943
30.55086226444516,30.683441
24.578086385949536,24.310413
27.298417811807845,27.412346
24.98568427055229,25.33734
28.55930987599286,28.804012
30.99332109075202,31.158422
18.521294462743604,18.535007
32.44858044417775,32.416523
24.79753305418125,25.354248
27.085482659402288,26.943981
28.298218281494613,28.234703
23.505678543778856,23.356691
26.876073493401776,26.89054
24.993926194383672,25.00626
24.3475284022212,24.09216
30.98386628215501,31.013876
28.030997025941794,27.767015
23.77100364512304,24.276983
26.65027546739972,26.398117
22.007542861513116,21.70344
22.162450016121692,22.260998
23.100585499415455,23.57319
21.89513077049556,21.901909
23.2869116838678,22.764633
25.364928987814892,25.090855
29.590485590259867,29.727842
24.62468959623772,24.85039
30.662020772076065,31.041964
32.76139112150793,32.904034
29.030722400482052,28.779646
28.065991527906657,27.99358
25.356520488671528,25.720053
29.377779010168183,29.245094
29.11170671203505,29.375345
29.78360885078725,29.721159
29.023895544922823,29.21632
25.400821207780297,25.066164
30.54782415967057,30.423706
26.18146481238379,25.814379
30.69997002618536,30.613113
22.902977121482657,22.914715
31.963042857164467,31.928106
29.330654183667303,29.255392
26.12609963970314,25.82852
28.92226340182417,29.027777
27.69304043138616,27.393808
25.775529514310797,26.169874
25.654856209887825,25.315762
30.16466162510117,29.857998
30.1381742327212,29.992071
23.721262416289537,24.273502
30.829400462649257,30.774117
33.38723472371303,33.28614
32.99150712828032,32.77787
33.28211749167829,33.12829
27.89210142818898,27.863832
26.150900051251607,25.668081
20.688234029473485,20.600012
25.21496502872118,25.65751
21.567231636781273,21.718534
21.885647155187023,22.386934
23.84221462839355,23.509798
22.675976399630944,22.386168
20.385367470844137,20.7658
26.226659159081137,25.636583
28.880296811692737,28.732481
25.959983066478344,25.699997
21.145381135049067,21.314884
29.476132988937422,29.539299
31.183318864931316,31.157816
30.57154382632624,30.566936
27.830334534463884,27.680527
26.23102072081909,26.020222
32.09316934346888,32.089115
30.71014340045083,30.830988
26.611025893832203,26.547613
32.77780355688598,32.630585
24.688238538583725,24.812
28.63664247418476,28.497883
26.561518319321912,26.761402
26.039205125673693,25.401861
20.7529590495456,21.297588
28.013237685860418,28.013865
31.20129814412281,31.409863
22.277293251809592,22.399689
26.63785590727354,26.069107
31.582119877894456,31.462149
31.615153708949407,31.422016
30.58876704601088,30.788057
31.969779961548184,32.041996
28.905940541485,28.539993
23.368045452693217,23.925146
41.27331080259103,37.29657
25.28462421709047,24.926588
32.34837141399595,32.35805
27.275985195389403,27.474022
30.625491014371697,30.418419
27.09422377405776,27.223614
22.355412593804388,21.975344
23.952733464173996,23.491228
32.39308951395643,32.1704
18.518066809399627,18.427132
24.57578474532228,24.145592
29.98359517630511,29.88226
24.570773867023465,24.637821
18.937194398203196,19.215761
28.890022301381535,28.726065
22.149462692146628,22.165272
28.977821970397237,28.82537
30.79339400065888,30.814812
27.134029833242533,27.458185
20.86879036047399,20.561127
25.59036305806015,25.361052
29.563512868063476,29.629519
25.85582780260016,25.756863
27.531388239694053,27.238504
27.958046873267072,27.849438
33.147241746811446,33.11079
30.341299709348704,30.43353
29.97020897125844,30.040977
24.288298919346673,24.720284
22.57298821232108,22.154947
24.551199533005537,24.24875
25.70185843498482,25.094141
30.066759920289577,30.138643
22.81588916767041,23.183235
28.41480938551692,28.102638
25.348486912910364,25.277683
29.09619058180317,28.592743
28.0418682772644,27.704294
33.98370403627521,33.965965
20.066366539985903,20.808573
19.23196545459594,19.269375
22.538952157184625,22.921156
27.71475249889427,27.568918
31.170577707563915,31.134233
28.378099631596612,28.316107
30.453057592760427,30.334385
29.47621517440585,29.439638
22.546849182257013,22.648546
24.36402843088007,24.931273
23.78217381886061,23.106115
26.699326626495903,26.587162
28.914063854285946,28.80273
29.52957486766653,29.437536
22.68675479718678,23.146013
22.190161946509143,21.822285
29.318512069620077,29.52383
20.34868247340137,20.955261
21.11374261747486,21.66072
23.538735893302977,24.109985
28.829067184869785,29.310114
19.78993970818748,19.881731
27.562784316201174,27.79615
24.679491992592155,24.699705
30.456849163043145,30.376429
25.602342683575067,25.952818
27.96990186712852,27.57525
30.328378146880425,30.300667
22.93633052007832,23.054987
30.63780487007736,30.548594
29.301345109017813,29.559538
27.337842398623813,26.893068
29.502376291108625,29.514648
21.622949062719385,21.900486
30.143657441019727,30.512444
25.679080112582756,25.336376
22.731330612199677,22.325003
29.815962915186724,29.87258
27.242537779191913,27.501583
29.454401755666495,29.794838
30.255986305293405,30.089537
27.047458817821983,26.642427
20.131183337936925,19.645086
28.204468397721165,27.826473
21.551794398538455,20.946531
23.6386131814816,23.821798
29.97448480017147,30.176388
30.166012803801763,30.185328
26.209253548001833,26.553211
25.25371245856848,25.57738
31.21313717687797,31.302885
31.11667168024509,31.374027
27.52272073009612,27.309135
28.77055646839411,28.502348
30.61535527072048,30.563154
19.186270718174853,19.674328
31.60587701799186,31.552364
25.10166887410636,25.497131
30.350574706202117,30.416578
25.476605349718643,25.929735
27.086447966199525,27.357622
22.784652494522224,22.743076
32.71091179526088,32.78828
29.61212920485032,29.736567
32.20489628455501,32.341972
28.737283624694644,28.822594
21.479030692283935,22.00965
27.1270566609446,26.866205
28.88297346110821,28.759813
24.56341238382376,24.684471
22.395370566506937,22.351885
24.763169165268955,24.442265
24.77780334722489,25.235683
26.28609836995069,26.642183
21.92313421424429,22.076538
21.5091156108108,21.171432
29.647921351913705,29.805115
29.020470127052683,28.868294
18.89794574740675,19.436966
26.222291162646943,25.823177
25.198454870974217,25.454561
30.103209629884127,30.255062
25.395139966312964,25.091368
21.766487324818108,22.4013
19.27290506715993,18.67884
22.572670430125,22.89759
29.415589889016363,29.617153
29.988663992767663,29.934458
32.9071894249948,32.82176
26.799588971085623,27.72652
29.04947721160499,29.023363
25.06848870871206,24.935795
29.765467646582216,29.623173
24.62562333203787,24.391874
30.199549450923435,30.096062
30.565109145132464,30.3969
19.799758898942592,19.482819
32.796708884393816,32.80937
30.249814219781666,30.303434
24.590859551147588,24.67313
21.119837523086773,21.811537
29.063912953368416,29.092968
28.908339131642805,28.651855
28.400335842207532,28.5964
26.22620364437913,26.657978
22.240046866441865,21.855112
30.318112034267685,30.668013
29.701932369071976,29.917318
32.1116048937422,32.17968
21.956399406685676,21.706783
19.916642210366753,14.948751
31.152902202681524,31.189688
19.80916968668984,20.502766
29.565940287521087,29.397892
29.876172467228717,29.784763
25.996369818287697,25.409351
28.427701009717396,28.108633
33.569460205642905,33.592785
30.93123553526914,30.89432
26.88712358526204,27.28938
23.010576731991364,23.359024
24.971318985485688,25.348986
25.1810285604182,25.679178
26.133064916729868,25.930054
28.94731318023525,29.002943
26.53718494524412,26.408606
28.396016824963183,28.403395
30.88909413248294,30.699112
30.980252027037565,30.792017
30.32385636616116,30.4038
28.275853359636855,28.149656
32.03684385854765,32.106777
24.537146153519892,25.12305
25.61838079606004,25.488068
26.816225584986363,26.36425
25.34800260004606,25.059093
30.48296429527757,30.496902
27.96723205486271,27.620417
28.62845079559906,28.586002
20.313474536891764,20.84037
27.34449538995643,27.11429
19.96269533339843,20.424755
21.861581098189617,21.761759
27.58364902884552,27.333097
32.25289229546753,32.184505
26.04589584954948,26.351171
27.968007786213697,28.170752
23.71956832103007,23.232922
29.856322634429887,29.91162
24.90590822619616,24.75058
26.105702310348388,26.209146
30.59762675686639,30.68616
20.689388986252897,20.111702
29.25450578819582,29.218
24.31778962316073,24.83509
26.51732295490696,26.001902
28.203291005828408,28.620287
29.58671928744929,29.552324
21.0272783243147,21.489405
23.239402153124953,22.715664
26.810508082457716,26.495422
30.351964613696836,30.3816
29.627288763276113,29.443445
31.308674818855263,31.343592
21.283056609006316,21.856285
27.696844387099123,27.527882
28.800613049984257,28.504868
31.291766726925275,31.331394
27.6020591330996,27.354206
27.42353452924157,27.200151
29.843080255522448,29.616148
30.146299185867065,30.095829
27.06388777064956,27.410536
22.522608290000747,22.470127
32.047466522721905,31.999405
30.527975481224377,30.76586
28.823568136226186,28.52935
31.098270750623293,31.081425
25.043398531999536,24.873001
27.641579564424493,27.678957
22.117252207346453,22.530233
25.2987101000561,25.271673
24.50251046054079,24.222797
29.04838716792589,28.836348
29.081073454452532,28.938585
25.38938879969468,25.97436
23.948234885619726,23.466757
23.568405378386373,22.998877
28.407197338384098,28.30369
30.031342094094136,29.950386
25.19334433244061,24.547262
30.50275226732805,30.453661
29.85827830818829,29.570232
27.659791672197898,27.984882
28.94296697042155,28.861847
27.20888200468162,27.007376
24.08143510867308,24.281925
20.8317078689004,20.800488
23.231927067647455,23.648724
30.416542494305148,30.3369
21.83011469336627,22.293148
22.09167679859653,22.291119
31.157123836885912,30.984667
31.35660961003061,31.371578
23.6000811393092,23.755434
24.34199783860046,24.239264
26.813610683598927,26.145582
29.659485860967443,29.59336
24.967522505050184,24.784996
31.613236275082265,31.667114
22.269237221307744,21.78343
20.666678220822917,21.326586
21.138156219990783,21.850782
28.27617627684796,28.06589
27.32442739730098,27.390083
25.76691256296616,25.531136
31.32881347281191,31.207186
20.091212303606692,19.729212
25.00166614574754,24.551401
31.649643068311363,31.552914
27.08546741287578,27.249382
25.16513842874391,25.166311
28.676465532767487,28.617945
21.701702555780077,21.828728
30.12670430613304,29.93498
31.287666228116716,31.301199
26.944795584021513,26.671741
21.553684441739335,21.099152
20.22988031330673,20.69328
25.070177845093937,25.466934
25.52917728879235,25.05171
27.83678324590031,27.674057
25.908400163604128,26.506662
26.344912558138816,26.321894
28.967553074631503,28.514408
30.308299852433557,30.328362
30.442767134013177,30.316906
28.642462878225828,28.436861
20.5590668635022,20.970646
28.382680300604207,28.317709
31.905761093608444,32.033783
29.345193795766516,29.188416
24.315433936300103,23.974436
20.145845458272817,20.156673
22.942117992452083,23.071709
28.250388256462685,28.174826
24.270650812547803,24.723454
21.749502088172058,22.031334
31.457747125803643,31.594381
26.454068722354005,26.891176
31.751055176693495,31.642166
26.26764516915909,26.311966
25.72723154476633,25.162838
22.7303808554085,23.173567
19.45911394564831,19.95196
23.40686624945816,22.897028
27.727506962504812,28.043983
28.68936971726314,28.580273
19.145377630383464,19.550205
29.852567838171566,29.841906
29.852764631865945,29.713507
24.55368406087601,24.225513
27.146202641472684,27.107033
24.912523458868925,24.610052
29.06826478518096,28.826954
28.36196196204416,28.080656
29.550085550744903,29.641306
28.75060095739503,28.867886
26.47142840736788,26.508213
22.862385522692072,23.384993
28.402533022433396,28.115366
20.72609568855311,20.107214
30.6607465955826,30.719452
22.655110117468595,23.167614
20.25018750843352,20.553518
27.751287451435186,27.716423
26.30048685009257,26.345802
31.905484733687885,31.863783
27.730339596471417,27.64182
32.378702652218635,32.049957
32.834555530646206,32.536034
28.86587407664682,28.53704
22.351604875046533,21.905634
23.384404237240517,23.556484
28.3220058721073,28.286318
29.063412388451425,29.05247
29.374699125961804,29.383785
22.957428062776987,22.384253
33.695014733032636,33.68829
26.56813734385539,26.701408
22.397410269048784,23.074188
23.727827682298567,23.808815
30.255400245106635,30.22175
30.410603070606733,30.415836
25.23307048300221,24.981302
28.890171061258823,29.038132
29.35319834736064,28.965239
25.46003412454696,25.383871
24.378164476204734,24.856756
33.83715885946438,33.69724
19.818837472948495,19.961592
27.929139581814805,28.189001
27.30057026969391,27.369108
24.353431065378523,23.803999
29.230014021359302,29.031742
25.363114994505185,25.112276
31.30426860839463,31.383718
31.12228806833567,31.123415
31.084634944719365,31.055513
27.18425735884746,26.153694
24.628725313721667,24.184223
25.73050352843987,26.112452
29.88961828234084,29.696423
23.73052591372692,23.589151
29.009950896090807,29.021801
31.115591234996252,31.079266
27.12337039936205,27.174911
23.408821455570628,23.602774
21.00801299397514,21.611788
22.786634735360344,22.928919
29.055414775002887,29.130686
29.61714857926567,29.639183
30.1516474875622,30.398527
30.014351962407872,29.999887
32.07329237909091,31.921808
25.16656277830186,25.61062
26.440277168111365,26.730667
20.557516188848105,21.297289
28.3174653482426,28.47404
30.4916133382812,30.441349
26.673159222068104,27.18418
28.89674003453333,29.035559
28.03523947278315,27.848312
30.033986379366663,29.798098
21.982020684069113,22.409689
23.75687099817847,23.145784
24.40498427752236,24.923443
22.574967975812815,23.19901
30.32343904072974,30.26818
27.50774483865278,27.346556
20.331626888122265,20.388786
24.293683437871827,23.67106
27.228773378255912,27.2598
29.43410021903953,29.950377
27.467489511091394,27.328096
22.51324526641676,21.943344
24.993031134337052,24.656044
23.89803145229052,24.230347
33.29854788129818,33.12122
31.80250453980089,31.704603
27.546563975054863,27.454586
24.57598336786768,23.980925
22.6757241647908,22.374716
20.53027026464962,20.935501
27.5255401967994,27.37388
27.62507936255894,27.216476
29.10831492179765,29.199594
23.06191708102536,23.62966
28.19118960248975,28.058964
29.907134441941785,29.895493
25.643841971529703,25.788565
28.31788110531925,28.473251
28.51239653158752,28.583458
30.654755994679164,30.529642
30.904730204735692,30.869627
30.099801372542068,29.933876
30.231378179418535,30.279074
29.156271242872855,29.248316
26.05710424804,25.986374
23.133219949137064,22.960806
23.519936281999037,23.166758
28.75591723907135,28.538952
25.59556085629002,25.385738
21.310455209228227,21.071272
32.70287815077188,32.56132
26.119842008503593,25.949232
27.84440915987428,28.158398
23.220920050604427,23.037634
27.444755320189618,26.85118
20.399052420772183,20.74212
30.736357396682735,30.827885
24.791025055016497,24.231895
25.010783085192173,25.206823
30.284938276765104,30.278107
24.57885085853726,24.678843
21.22077713554063,21.628716
23.487168188656568,23.458858
30.07987125729778,30.194029
29.778993974711835,29.668934
28.891663858889103,28.438742
26.258888647061,26.293304
27.546005899207906,27.364119
28.401684579311933,28.749075
26.046928319292277,25.923664
32.13551333987216,32.032146
26.296710255170023,25.987995
25.037932143028623,24.310843
30.51058415982573,30.59211
22.024931633446904,22.812067
32.15149310071949,32.212
27.19848958416876,27.142708
29.729093408447653,29.986666
33.258215721531144,33.282505
28.95180238077421,28.796131
30.278829381403767,30.271828
23.411245151900708,23.748098
27.95471599902971,28.066502
27.72590740844798,27.75721
21.264971801380455,21.226774
17.063324946464498,17.247993
25.71515408577706,25.499855
27.336127836988275,27.291796
30.877958993531028,30.970396
28.113883282982123,28.101595
30.537300738517025,30.614805
23.311645269514724,22.933558
34.2778334003864,34.123177
30.00165249929536,30.17971
32.99628101209277,32.85384
27.706140777182434,27.428778
28.90355353876906,28.836529
25.584817659546196,25.753998
28.548459763642207,28.68729
22.182488678441363,22.161
29.258504169230136,29.168974
21.722500611897175,21.842913
30.49798151267738,30.593756
32.92640786507446,32.89751
25.17638217261959,25.828028
28.41496647226999,28.49369
23.872489782226523,23.623255
31.72913403228429,31.678833
28.914894140652592,28.932991
20.809562012296816,20.465971
21.180602697857637,20.978222
28.534388746908594,28.428326
25.843089902449034,26.03603
30.576011937737064,30.664558
26.56410543423597,26.818684
20.940966072188154,21.390875
31.802303155555535,31.538523
29.282704990630243,29.285048
30.341858956359044,30.36633
26.979503071456556,27.049622
29.89277380651818,29.839
28.876668567110833,28.893515
27.004051851832745,26.56214
30.194945933645236,30.047102
23.47550113458589,24.07974
26.96316924943806,26.756245
33.00486314049019,33.39858
23.99697439874869,24.217958
30.367668512929576,29.857382
27.475659260139096,27.559528
21.23310313703569,21.588654
30.200714923628063,29.87067
21.71950876389199,22.260515
20.663472312213543,21.0286
29.42977995972872,29.160606
26.08293875251519,26.109903
28.73490039634585,28.474262
24.064093308034018,24.454456
32.58551057168783,32.571774
29.529026754326296,29.581028
28.57243160964675,28.711927
30.92479071000364,30.70102
32.47537826642887,32.426613
20.275351150090877,19.983652
24.54717475493972,24.121964
32.78817545189962,32.59626
26.22542603116331,26.49787
27.353842788841064,27.195024
23.687429930152582,24.072506
21.594174443671324,21.35178
32.26680779919447,32.272568
31.576618172781625,31.32119
25.87873565181907,25.322355
20.64227716354565,20.74948
24.740886331606475,25.12796
25.408077154274245,25.823269
30.25360998387425,30.50072
19.5843972165182,20.133026
29.920569841366376,29.865839
28.54338579429102,28.642206
27.307118198946576,27.189898
18.989362045964484,19.159147
27.8861375049827,27.481096
27.66142706446882,27.868986
23.68213031983918,23.673714
25.25766876115018,25.218935
25.235172777085516,25.578468
31.872880100034244,31.67336
26.261927537211427,26.314548
20.71748688852372,20.265598
26.247299087191543,26.202785
21.44717782240765,21.756804
23.82976574772134,24.026434
28.899552357835063,29.308397
28.76257681069732,28.453568
25.591162245017827,25.767544
30.283679832751773,30.292551
27.32125448915714,27.255121
21.270118862250456,21.84306
26.227037845331505,26.265772
22.35213154951396,21.935669
28.68448874602844,28.505054
29.518567636944347,29.381159
22.656189373829815,22.831383
24.76174701205496,24.4664
23.46776243556541,24.101204
30.88062840347217,30.727032
26.24022628945359,26.552887
28.793550178752767,28.748735
29.271811427834123,28.865229
29.6459642788813,29.5186
25.634741682238296,25.507626
21.93696225153114,22.436584
33.754744750085884,33.63745
32.56330663916011,32.383316
23.255714960641154,23.232782
23.396044328549756,23.394848
30.03976527588486,30.056282
22.899650268098227,23.184504
27.21317348605468,26.75092
27.514432996497376,27.991318
21.409663162930062,21.552683
30.05848433050711,29.899761
23.615343683887424,23.563953
27.032773113139022,27.022152
26.6712097580999,26.552088
23.635727527929316,24.02263
29.383732538972986,29.482817
24.511472137997018,24.708704
31.39790537241399,31.489056
27.76136749437115,27.990263
25.941709098326847,25.643429
30.32784437157944,30.208809
26.655692863135396,26.206562
33.73632791076,33.669037
29.525271830826615,29.173513
27.00454024935418,27.181246
25.09047675266796,24.822493
26.256706687126517,26.291054
22.0783274873545,21.794653
28.10371804085197,28.248219
29.324886397369397,29.549906
26.71240613086702,26.148499
28.53214572948442,28.28937
29.5864781778928,29.375248
32.04265378571037,31.984386
26.824991723998817,26.645657
31.466921995553985,31.569836
28.454040044093205,28.659658
26.622686643890205,27.01855
24.248738965035436,24.946562
24.64820670279193,24.4305
20.051236592892923,20.340536
24.028896571955805,23.32593
28.401078447544663,28.41303
26.400726779772963,26.61391
24.7579019905756,24.859571
28.93015487348188,29.048376
27.514790684084375,27.629793
27.68736861230024,27.489008
21.035425492119685,21.649803
29.05497002222298,29.300407
29.87622543734244,30.05863
28.8853871493346,28.836327
31.3557184972761,31.51978
23.67324668657755,23.799503
24.241363110357316,24.465122
31.625991390174462,31.460684
30.81015225656066,30.703396
30.417441090827744,30.563593
26.449874068102076,26.800085
26.603262819157003,26.707817
28.782607102395065,28.802889
26.81451804851652,27.015368
23.299173134552497,23.61432
24.237006186026793,24.655323
22.03387854726089,21.35608
29.111516594692972,28.927874
27.007796460141947,26.870632
27.624715681834985,27.520363
33.310653419667794,33.34068
27.14305706330128,27.376104
26.891748977047016,27.012829
29.124587178454743,29.250324
32.647681929112636,32.65093
31.061305602412386,31.107378
34.388118016516444,33.97197
21.812482031727985,22.262047
24.98096539480175,24.406582
29.77675429956774,29.921522
25.538709102145965,25.63082
22.460146527424413,23.05657
28.710215394256565,28.71008
22.723212082376545,22.252636
20.60506260011157,20.920406
25.634184453486593,25.539438
24.505067370606454,24.716658
31.535209853178827,31.278423
26.90515194034771,27.005945
24.486663400288627,24.915842
31.459732800658955,31.39926
19.942227739985483,20.37245
25.10684931470425,25.219664
29.57973797392966,29.245094
26.71664188267281,26.346146
23.313315682625863,23.197813
26.66626997465211,26.97735
22.40110158003915,21.822157
30.971948774908157,30.869423
30.6834398760536,30.812212
23.68658005394297,23.932833
24.6210991565723,24.28586
23.263056024256567,23.646101
28.835258932568394,28.8269
25.580774203988867,25.537327
24.16746588218382,24.91872
27.98312748501067,27.744652
30.085813394809836,29.859308
29.385901334720355,29.17271
31.354823777268255,31.355082
26.69000879110974,26.65057
28.64587393723619,28.680481
28.363941823635606,28.364824
30.166871822211323,30.188158
20.484546532322284,16.037886
29.629374389781027,29.729881
29.046852077204,28.977327
22.639837184709265,22.564203
34.48382499818346,34.315533
25.36159499109013,25.774574
30.197629122010273,30.361765
26.336494273494665,25.932995
21.57814838366996,21.843935
27.140053127762492,26.972506
29.506831627506415,29.228437
29.409407876102236,29.155403
26.427533299684416,26.654692
27.83717083270749,27.935007
28.65131528644546,28.457146
29.825780150679343,29.777811
32.27202079940286,32.216152
29.736711223167234,29.589027
24.919736401634395,25.393435
29.564781623788104,29.621702
26.694150610118683,26.624218
23.697255999926753,23.90209
22.152953891197043,22.166008
27.55952656149612,27.037376
29.703248519373375,29.49708
27.9652105116583,28.349909
26.512103249919416,26.260538
21.644552368571293,21.184185
26.560508560554915,26.511917
27.466900869022904,27.62969
26.61360538331232,26.604866
23.974719075844035,24.162508
23.94033546327677,24.04545
21.583081039257795,21.612688
26.09842856538665,26.292183
28.901371944975903,28.912706
30.851644822946596,30.735703
30.232568059474357,30.170353
27.320814900449513,27.572203
26.532025150488323,26.781647
29.710334297562135,29.969343
29.130380623218315,29.110321
29.163284407138946,28.9921
28.660470109694955,28.118465
22.430136358106857,22.317297
24.16020796203653,24.100819
29.17732162210307,28.765133
28.013182785692948,28.150654
30.43459722874389,30.328852
32.287492396889256,32.20286
24.4541409629511,24.334164
28.18217535931416,28.18634
33.62443212305088,33.439594
25.113559845491665,24.48524
26.67786214822962,26.52118
29.853147341836667,30.005108
24.92782319195688,25.167585
32.63250562129568,32.53182
24.863518782014435,25.060366
24.779496904271255,24.878342
28.43431934746165,28.602875
31.715625483212804,31.709244
26.567441409496524,26.339552
30.69334618702373,30.898758
30.833325955625405,31.080711
19.62962733916751,19.987196
29.59047606898494,29.517815
24.62703856125527,24.59486
15.767024627662863,15.829946
27.14826972810804,26.89443
24.953355379770937,25.331335
29.224011895756284,29.201908
27.992192224808175,27.60913
31.316956988654553,31.46306
23.723190245104156,24.0778
29.038502944802303,29.251701
30.941360002367983,30.871943
22.763226140510223,22.721
23.632492410865268,23.252012
19.03368713426665,19.58571
25.4795124017041,24.931715
26.46180213572323,26.897604
29.211010993224978,28.94742
33.08658661603746,33.012383
28.292246163927597,28.246605
20.854398034714063,21.367887
22.718337320474575,23.05995
21.857275056999015,21.355097
28.38945156983128,28.463968
30.850370212912516,30.901014
28.698375460995205,28.919466
31.2234979427922,31.221497
26.135122850163512,25.934708
27.084243372597705,26.969107
26.401470429840145,26.487738
29.400701830537088,29.44013
29.428752877461193,29.378347
29.622993506984052,29.505861
27.391958451815757,27.36006
28.213974068634087,28.292526
31.36392477003604,31.415752
26.41639533684083,25.616413
28.73470732259896,28.465334
30.038531826923457,29.861753
29.364189818378563,29.695507
22.30198906002429,22.034098
25.675628461700356,25.784945
29.454557288328388,29.320272
28.931198112581537,29.205746
21.406310102146513,21.28989
30.022259980829816,30.392246
23.100589244715003,23.230585
25.138816158462625,24.989042
29.18049751060432,29.236633
25.042556087986775,25.486137
30.055171401571023,30.5057
20.649819965034737,20.994164
29.258892718709,29.195702
28.798330091581356,28.477774
26.293455525333485,26.7407
30.520212122182823,30.479113
26.757068548690484,27.001232
25.15224234747266,25.383493
19.324312428879416,19.773472
28.18404697869981,28.276394
20.608163459133905,21.05983
28.481150839359557,28.065498
28.670196060419112,28.706259
22.85949845511424,23.599672
27.20748164409303,27.515045
21.281515594052017,21.846996
27.473912080927047,27.032127
25.984896558992965,26.361967
25.588577473896677,26.132397
27.85825172654947,27.960234
28.702645463792976,28.680393
25.577842329144655,25.248028
29.516380414363734,29.22376
23.37139097096968,22.738113
26.1997274726566,26.295792
25.381635228544692,25.401796
27.710835809786385,27.38358
21.450058788745785,21.173174
25.24551348447755,24.73622
29.90735682613218,29.568823
27.180140154584237,26.662182
30.244031030837455,30.327011
28.323054605881552,28.463999
27.68233176202115,27.668262
23.666673211091016,23.975866
28.51666752045398,28.618631
28.78638846990281,29.089193
27.570871124384787,27.466202
27.80344827816195,27.673115
24.960499721003863,24.499205
20.14926108310231,20.43649
28.84191460330803,28.291504
22.063295749547365,21.551012
34.38276953120855,34.189598
29.88483783540253,29.808588
28.5578419643863,28.53043
29.507374244244637,29.314997
25.645592518610773,25.543022
30.979665022746484,30.941254
28.836511030778176,29.03985
20.71500238818155,21.168116
30.51111621843276,30.436426
28.262748784910556,28.359652
30.056953375297365,30.844885
32.653896527178304,32.53272
26.679292539454472,26.512678
30.236776969390935,30.391407
29.686392107410875,29.838535
22.26087364977281,21.785765
28.08204743006116,28.105331
28.840300580977537,28.825071
22.786886055467313,23.178741
20.844687152211737,20.710445
29.467415037246283,29.261608
24.21101154445794,24.7037
20.3876334208524,20.951553
30.771411296772673,30.56555
26.278959612484257,26.241615
31.36876881319262,31.63675
27.597286368935467,27.886509
29.236389072201913,29.05377
29.09697417528783,29.07133
32.30500490544303,32.371155
21.475915476558924,21.483818
30.657273394789385,30.587255
21.578971567420098,21.728855
30.025073315789623,30.044582
27.672178348252817,27.44642
26.62222715185092,27.136541
30.11828361939702,30.072918
24.796637324592925,24.892633
28.95272718661406,29.000526
27.771555472227163,27.697605
31.8034502487288,31.812586
30.346575234183824,30.355972
24.873039198421953,25.161938
27.130278565667773,27.192371
27.425562799131683,27.079676
28.909795481792315,28.9716
30.006612442335214,30.183504
27.120535608690226,27.362757
26.14929044503039,25.80776
29.955450730093652,30.059608
25.11529342061684,24.75007
24.325966292518068,24.172953
24.44492055664908,24.45425
29.61760970356757,29.903906
26.074642535660583,26.247755
28.884165238520943,28.827694
22.66910888802302,23.006086
26.58267885312577,26.968239
24.458482116648085,24.674025
21.9265810267892,22.516891
23.96668224811401,23.249092
22.30467692390704,22.802122
31.083138209135683,31.074919
23.366688227437024,24.07964
25.139467137746443,24.947395
19.716310121654743,19.82906
24.302204293616832,23.718225
29.1175067580875,29.345558
27.828015367895773,27.618
32.66440939685329,32.82348
29.188116704338537,29.282887
31.63824257977425,31.60416
31.65678723631081,31.622707
23.26442055283716,23.630314
27.401877166639725,27.075861
26.35423684082204,26.3493
28.183915285479777,28.028185
23.573139980557393,23.039862
29.219733407582332,29.254427
30.232877368770044,30.285372
22.45605502517728,22.13308
32.830687054201206,32.88403
19.81010696361147,20.412876
30.7532712014779,30.172644
29.592182609049143,29.319674
28.865204919557407,29.082096
26.04511242032233,26.403732
24.468985537608287,24.086843
30.118083578842366,29.883196
33.203331054234155,33.12683
30.171730695459846,30.087278
29.565997853172732,29.634993
28.745596724959185,28.806574
29.112786060307137,29.03431
20.29850612900253,20.96424
29.249514242273527,29.40734
24.20918686467704,24.582663
26.17527550237436,25.778162
23.89913315379634,23.328548
28.114914672338095,28.441069
29.631445967174564,29.719969
26.90381515739962,27.25777
23.80802833414896,24.172937
24.586192434329504,25.114492
28.304081450381275,28.65928
27.294396600579866,26.896544
30.246921102253935,30.41306
27.982989936529407,27.548077
29.00657515669495,28.891245
31.67501959981834,31.56303
27.281318086037523,26.87464
27.679672667538664,27.573757
27.69686677861417,28.031713
32.23303684766146,32.582188
30.32598069110023,30.29413
30.65693735025978,30.566265
31.633469993057304,31.716648
25.309918847203512,25.018002
26.998109482372215,26.497765
32.113425639642266,32.03319
19.981385635479775,20.403706
28.58176145055969,28.198597
30.203623781702145,30.137531
22.767386182541394,23.147808
23.37196683658061,23.425924
24.23944539849294,24.184278
21.28165641505132,21.790691
21.147719830061945,21.25379
36.86246230308916,42.08611
22.55408318306361,22.951971
30.880299221566244,31.003757
29.06994020379144,28.672318
26.629062930388884,26.682629
26.425608784782053,26.206314
29.822143336217955,29.97638
27.436800772001178,27.7924
24.14715573840512,24.0022
30.87724361104845,30.692242
23.18163864776177,23.176868
27.53449192209203,27.295355
25.62455480358362,25.076803
28.43092280145597,28.389519
29.028716504994655,28.69453
27.409823063679028,27.678831
20.004963920089835,19.959162
29.76920553087519,29.48608
30.898764451015413,30.955055
29.974829041844124,30.335644
26.567314403982575,26.096313
28.80798604353798,29.08328
30.56347767925774,30.943089
26.674516139680097,26.107098
28.81050661963284,28.823877
19.61595365663447,19.809174
28.83861075966748,28.563406
32.83830868753404,32.492783
27.223496875287353,27.093893
25.86441645233071,26.179077
24.105345098003234,24.291748
27.955821506773965,28.12121
31.274458347461824,31.391119
23.203148777146325,23.539429
28.585858286201383,28.397337
29.036992699492924,28.976185
22.26062378983367,22.720592
30.822958762157285,30.75626
28.7436056560759,28.827461
24.811450328276383,24.604845
21.371074816995954,21.287834
25.39476741345723,25.877172
25.735780758234743,25.572208
28.05237671990113,28.502165
22.1707602198406,22.671085
29.0438440896933,29.076153
21.241707081001284,21.540854
30.604836995082564,30.673746
29.910271796561418,29.88666
29.996215849608895,30.007587
29.579033671039127,29.493008
25.79687924306768,25.971563
26.82159207259612,27.239975
31.14014170632793,31.008713
27.4712453122201,27.293278
29.129233208945045,29.018305
24.44642513749985,24.158358
31.36949542977772,31.40202
34.20510712914884,33.869587
26.018303728665796,26.442617
22.013641067102625,22.578123
31.451431011972694,31.511894
29.785698710875792,29.81713
33.604632010043794,33.57037
31.94790483768815,32.14539
29.749545718348493,29.719057
22.558385528573407,22.990398
21.476515279275542,21.942871
19.525323613851327,19.188364
26.44866801467476,26.48772
20.6623480611512,20.64235
26.55950563513023,26.651728
19.381085717059648,19.263166
21.501812000716733,21.758566
27.829848171546335,27.812914
31.077670966737635,31.08036
20.03832623243688,20.529558
30.894652122568335,31.078108
26.909381314747407,27.279888
29.13140755142657,29.106043
30.6270538373174,30.442633
21.101230803659664,21.52672
30.810975461789056,30.78602
28.584529628133488,28.565899
20.70025847933871,20.900723
30.0402375650874,29.994375
30.786245005429535,30.592379
28.031019456852743,28.089901
30.55001764551215,30.445448
22.917520317370865,23.572428
31.792047297094943,31.620974
28.203101540727417,28.28223
30.360451703431306,30.59732
19.39655757600728,19.274246
21.6815329304057,22.361603
27.75138654709748,27.373625
30.06005480302568,29.782263
23.21696930737242,23.712639
28.475309749434857,28.454144
25.404887557668843,25.399612
20.185583178411893,19.857279
25.88232002428537,26.075031
29.48664890124545,29.48527
23.003686761164698,23.27438
27.28309179169523,27.680656
31.889061202204985,31.81845
30.970464975780168,30.992882
22.474408084423143,22.631615
27.367908732928683,26.934452
34.11929474199492,33.880795
29.691875920316104,29.51404
24.66658788226623,24.555351
28.264190996461547,28.546614
28.858725896387384,29.042685
29.88934526819591,29.946045
28.604394164505088,28.804255
23.973563766996335,23.793
21.52358723787006,21.18292
25.011372902223545,25.407944
27.75986831648712,27.826456
27.842392003196828,27.50225
25.713310734146702,25.726364
21.56235747301011,22.083525
19.58514576437152,19.946068
27.404207152447057,27.843813
30.243310678405617,30.136961
26.668481867146895,26.917864
31.6082491987623,31.881025
25.303153259365025,25.301722
30.164019341333,30.17012
31.679307661554695,31.823072
26.19339760124198,25.876574
20.25349769414405,20.62325
28.025781899980643,27.971125
29.393484870552488,29.322891
24.961483326630585,25.560322
27.063921472904987,27.407923
22.143355913775423,21.772758
25.678136817193007,25.238188
29.501224509208303,29.18121
24.72168942147958,24.463879
29.001993817250856,28.782318
19.119893884055855,19.170197
27.627320864119433,27.57071
34.465622111673355,34.261806
25.525492275771953,25.255568
24.223827697247927,24.76794
26.74722016869635,27.079758
31.825466940292436,31.855658
28.42034151299101,28.166204
26.944797856651853,26.898394
29.07835808005944,29.002956
15.16088461411488,17.317724
23.790474509587753,24.118483
28.94447815857568,28.901176
28.4370348703414,28.02232
27.68474847305251,27.869402
32.345947695143096,32.250847
29.430340931727095,29.180565
22.40278348159306,23.068636
32.70882371423663,32.645786
28.362104186230862,28.49242
28.192379426787543,28.84178
24.17479331009345,24.435902
29.972321783658018,29.997505
30.06217334820746,29.790672
25.50009483196003,25.892464
29.944177194770234,29.77334
29.93347018663472,30.10627
25.52638101491982,25.491869
18.410687258682135,18.70681
22.431131252012307,22.558928
24.026419693871773,23.733784
30.009524449860773,29.877274
31.865723916987324,31.809292
30.01419649558832,29.98158
31.75918115478555,31.804838
30.697690840859632,30.678308
20.039438010621375,20.673939
28.57936576481978,28.781115
26.76531817928376,26.734488
22.43743804078923,22.530699
20.591441255174267,20.385372
19.827244893614857,20.263374
29.78856972651244,29.811419
21.65184354493608,21.19564
29.29688325276942,29.119282
28.103474269233175,28.317799
26.95024271878165,26.444752
25.71576733745851,25.634296
28.755156195120257,28.840622
28.0337872189654,27.759832
26.886545428686144,27.007874
29.54166916969747,29.714502
21.67958743918254,22.284224
31.685277418928557,31.665768
30.809849373106253,30.802977
23.33426191137326,23.155508
30.49504926548402,30.577633
21.50776782696913,21.838194
24.74138989712992,25.2532
21.985232971662896,21.564392
26.25954225433835,26.199104
28.05396696175076,28.006357
25.26780028318518,25.58947
26.695499291680655,26.154202
31.57247390786037,31.823866
26.81665893459556,26.402966
25.042889197813317,25.699257
32.92329990686602,32.889202
24.867555010731635,24.805168
25.539016992258148,25.825104
24.9825122407236,24.407753
31.38041649332667,31.484598
21.612677063048903,21.893282
30.477820608475024,30.641182
32.84551136825286,32.80622
26.47223229197957,26.291101
29.716964996684315,29.482994
29.475390313324453,29.63785
21.240478281711734,21.514887
24.181957072493557,23.720306
27.719781948414827,28.077288
27.518276127439144,27.61596
20.36753517501445,19.88394
27.084333023184502,26.89207
28.033969057406665,27.973463
29.69272665661349,29.554289
23.314770009794664,23.215164
32.583084786952114,32.50871
23.41918441825907,22.901817
19.31367713035729,19.704933
25.134389594718403,25.061426
25.68773146518621,25.950354
23.30597269022287,23.07407
23.090953588484098,23.093481
21.992688633661817,21.963028
31.407189154748927,31.450548
20.030216412445306,19.846994
22.783543534312017,22.280151
25.58745035694595,26.084944
30.11843087881888,30.096893
21.39021657043328,21.27584
30.30780314600315,30.193182
20.406034177742168,20.206543
23.105828319297338,23.00747
30.573252816914938,30.858637
31.176698146529475,31.175774
24.769082729270252,24.387615
30.975387962450853,30.836075
27.36200502658337,27.63146
29.86675832495795,29.970469
31.95580183959349,31.897114
26.15862906055501,25.795103
22.966389427054185,23.063112
21.66261810003404,21.71251
27.878824846516498,28.091698
21.126984726126473,21.01413
30.52867852863414,30.358759
30.336591167070345,30.311117
30.30635390731804,30.412151
29.663438749211277,29.645542
27.720262423713685,27.4969
30.041847246361744,30.049913
31.334245157584327,31.096415
30.31006814979196,30.32765
22.295957811187662,21.665777
25.26777461670287,25.46772
29.653447309606936,29.555035
30.106341372060612,30.02318
22.42470070814311,22.909573
22.012131440237273,22.470812
22.13280545565548,22.62629
23.701914900213357,23.567793
24.099394651090243,24.140932
30.16671401731729,30.116533
30.61995875031044,30.604328
29.666472542609657,29.554747
28.732272046499276,28.460455
29.561276476481787,29.652407
23.23427717364696,23.378433
23.491753886697246,23.542389
24.54940439000652,25.120184
31.94423805822781,31.881828
28.535045431915897,28.861845
26.45693161273216,26.674797
24.28351125057429,24.19057
35.652630001812874,35.076668
25.923602963444218,25.94331
22.615947484837523,22.621794
27.088688327209137,26.778206
23.019623315947666,22.090448
28.263521747856696,28.428963
30.029648644281657,30.259245
26.33373617838228,26.473589
28.75046428154078,28.661604
27.55535244248081,27.415249
22.165842857299147,22.271881
29.4720839143951,29.296688
23.9628890094014,24.290956
30.824215378249676,30.877756
27.12856570500958,27.283321
25.746389207795485,25.146301
29.300003898988948,29.291801
22.081365894779793,22.256178
25.386938410833757,25.388174
28.666020719217876,28.58392
26.53163206621378,25.945257
29.69497932640087,29.733038
24.634147296872943,25.143696
22.390375104139764,22.608372
22.74333086841436,23.059105
27.215086729948148,27.378248
33.26491610134798,33.155407
25.282893340121294,25.673903
30.389976272283064,30.408327
22.736419652907276,22.296534
28.995317389811817,28.992199
30.68002777110763,30.854197
30.90866114067903,31.024317
24.30907431210715,24.224762
30.824861806885096,30.744478
20.877564322651185,21.25524
11.116128598009857,9.081035
26.51464893949193,26.328342
24.4451542065345,24.8463
24.55035249312382,24.662722
30.424300130517935,30.365555
30.3776858969017,30.427265
30.175063936436608,30.080074
33.242895086641035,33.240746
26.404908079450063,26.060997
30.16720331081417,30.300938
27.7900244724131,27.392487
26.049140046200566,25.450146
29.865553583823417,29.772196
26.87738490947083,26.566053
28.665905559263145,28.505524
28.216176683406704,28.465921
27.36239317586779,27.719664
28.319531935624163,28.471289
21.939902029982555,22.455488
24.50673494592524,20.532948
28.6233844641596,28.656586
26.911276157426908,26.863249
22.889793352524208,22.88424
23.818834117836538,23.66489
28.266597393087643,27.879707
25.326244391165297,25.776241
21.294284235758703,21.710854
29.02198531394768,29.044085
20.454137826240753,20.63435
26.64684326742005,27.19711
23.49618336277752,23.502193
22.80330821250406,23.013447
26.296394681558052,26.880291
30.922907409346287,30.916637
30.71365736329539,30.659113
27.649809885386347,28.07824
29.709706784951734,29.841738
31.638653696684955,31.43291
27.422300274278243,27.384663
39.55269104348811,40.145275
22.815782812139517,22.55289
31.35494722399273,31.284739
27.055109249447355,27.357122
27.18846936828673,27.005028
27.66232982074835,27.410267
26.218362274174776,26.729311
17.99162758442602,18.765978
29.887431281616394,29.867544
28.753778481191404,28.688997
21.48156555576432,21.785387
30.4244024239982,31.011496
27.98856984558407,27.490997
32.19641566364512,32.34532
25.484396861222365,25.517786
22.766136190099175,23.102327
31.16909867019156,31.111977
30.090515152269077,29.918037
22.39854672694569,22.525255
29.63075421024738,29.421457
32.45798980530333,32.41115
22.544399993731737,22.317673
25.26785109096829,25.279596
29.72451124561747,29.754684
27.60318061550937,27.530962
24.088002079359917,24.616636
27.87512217209283,27.574745
30.756487814074667,30.922943
21.76351851371667,22.185383
26.248290442448784,25.992598
28.720637708135374,28.41721
35.17789607453881,34.620274
32.282724752802686,32.181747
25.406740411359564,25.124685
22.746742033992422,22.860094
25.544643788658373,24.965952
30.795426874518355,30.641127
19.34487750801931,19.769232
23.418214369064735,23.834862
33.00214122822404,32.880844
24.86884190234302,25.346348
29.073679269054864,28.86095
23.86307659847949,23.864824
29.597657881421163,29.447826
31.45720813590026,31.318544
29.02844735486105,28.993898
28.45031014481077,28.694984
28.427228709810507,28.442001
28.388462477786405,27.956223
24.391606590951778,24.42586
31.747771159750194,31.645292
23.37751057563352,23.38827
19.161061780682775,18.78862
32.1779332070495,32.390457
29.262776423373197,29.466131
22.621439870719215,22.940546
30.597923941014862,30.618584
32.59296004225392,32.534737
24.277437680558297,24.346458
22.26799849853368,22.28121
30.48908515330125,30.319029
27.74690077482805,27.717035
24.145574006473332,23.95773
27.806350760821086,27.55857
30.44115983582877,30.313612
21.77659312145899,21.472118
28.908954229783888,28.678904
23.155929491697464,23.345592
30.630164210127848,31.203909
30.796698434422083,30.79938
29.87529492679585,29.640907
30.22990320501522,30.401922
23.996720514482895,24.676907
29.37739360077033,29.112408
31.669543181406205,31.541454
24.053319379748142,23.921028
29.197866671134147,29.138124
28.15975275070157,28.106813
44.40224693750443,38.260704
29.960803106238306,29.891882
29.76628537617111,29.652117
20.835155296984205,20.995564
30.733122142238688,30.731651
26.043099925566615,26.322893
20.866850194546476,21.58535
27.08095582716708,27.322094
31.940715283838085,31.848974
26.28950719911154,26.92372
21.589073252249683,21.191696
25.749657590577097,26.019274
25.66412021114546,25.653214
30.845401324583644,30.624157
29.346199004723957,28.974087
28.00959009839358,28.528381
26.710423649416924,26.488163
23.889810358283235,24.219986
23.05161432551315,22.83271
23.779822702837137,24.263891
27.991781235968077,28.049473
26.738169503305933,26.467249
23.912656921201897,24.494993
29.18902603667144,29.047707
32.00241460002108,32.011936
22.68939661525809,23.101986
30.085064162834932,30.12233
32.37388280919617,32.2972
29.7454940366687,29.722746
28.95816773194517,29.051626
26.825702817979938,26.515005
27.647808024094015,27.783562
30.085060482679673,30.066801
28.391166170808447,28.444195
33.943053810211666,33.71217
23.217176534290232,23.002708
22.600457252952808,22.209146
20.953220355221113,21.025679
31.207723750298115,31.09989
28.294676441968484,28.219776
27.186933847442507,27.140594
28.622558813390423,28.439087
27.995259112956063,27.867317
30.58736016996343,30.672607
28.38945862791647,28.21105
28.49079182703521,28.368176
30.61681941903069,30.662514
30.9208430421592,30.895092
30.4822557366258,30.3186
24.31080538130209,25.446081
29.89632022710348,29.767824
26.05251768247218,26.514675
23.623971418392347,23.575277
30.971497317407405,31.014772
25.526344060017912,26.176939
24.9316463592017,25.539005
24.49086129896468,24.204247
29.56653132079216,29.559198
24.98565062317592,25.345057
23.743412165775396,24.015135
27.20500384971761,27.313044
29.69211597117483,29.583351
24.301447643377813,24.023455
22.836777726741484,22.965889
30.999524102620125,30.948555
18.374063248970774,8.379752
22.05690624149081,21.68903
31.344390711795818,31.398195
33.490684391169914,33.401176
25.79669026579839,25.206076
30.150396536126987,30.095224
25.191594280110728,25.718016
24.097232819738753,23.427105
30.54513327053194,30.366735
32.61639057570288,32.645584
22.938001439872785,23.016382
28.985138912076835,28.97373
22.189065527681823,22.63839
27.460282401026028,27.954735
31.173222744708937,31.21369
22.19920014966701,22.005121
23.314698391175003,23.10941
28.229340850831623,27.93121
25.843787852381936,25.958141
23.50245172343631,24.074703
27.8465139776764,27.93786
30.24325786668836,30.531193
31.302742134271508,31.337254
29.92506343174098,30.030842
27.683758393241973,27.196878
21.97127781527993,22.456554
30.191131783869196,30.136385
27.399857023820573,27.535282
27.107816021718023,27.189112
22.11903950599731,22.38545
25.658921342729585,25.537909
24.52481222436348,25.174288
29.48482873059786,29.689236
32.100613002452945,32.038986
32.94652134850686,32.85316
25.79732322377955,26.287838
21.724036882195445,21.314423
21.92258696336921,21.742054
24.89112729431266,24.439486
27.4409933575746,26.921314
20.75798285352414,21.47227
31.287786006851817,31.286848
26.29025176193885,25.986828
22.68903676853325,22.76554
29.993325323384003,30.154358
30.45019067136939,30.465588
32.11822186021397,32.13672
23.846227899880727,23.819174
30.37435866935064,30.32777
28.425856199207495,28.63464
31.78571160438916,31.432884
23.0725639984897,23.547976
29.137940787272488,29.259838
25.592671571583836,26.00536
22.32844434624189,22.290398
31.594896781863945,31.354294
30.795949771483635,34.05022
22.169324405971363,21.929785
24.74087002741725,24.404665
27.719031706189934,27.71279
26.79165146126175,26.419605
29.39265675056816,29.452974
26.304705388090937,26.607328
27.663980530797623,27.64856
25.86189058978319,25.66468
29.397452480679988,29.302399
30.028692717815375,30.015255
24.534172787389497,24.572998
30.716838161233788,30.986155
31.92950613347123,31.933434
19.740407200814587,20.237364
30.824878715261384,30.79299
21.275244168895625,21.7281
28.820050838175696,28.872786
26.557060965019986,26.946602
27.810960620209467,27.470385
29.523479023505047,29.293709
27.79222339067789,27.34429
29.992396068085277,29.911585
20.513257382065625,20.003412
28.296765175973647,28.078617
28.251926816869585,28.145195
31.64704723960027,31.607073
25.37219646299323,25.971167
31.081530980784045,31.028812
28.805069133325475,29.01966
28.66984414047683,28.249825
30.50896570105521,30.476902
25.70121684505435,26.420076
24.30419781836578,24.32588
21.59137976585211,21.309183
22.74996314028508,23.019302
26.287818807492073,26.350803
27.228813763212976,26.941347
30.14329747276342,30.153027
23.929363114353833,23.870497
29.96321389386456,29.756403
26.49977806427475,26.656254
26.763883922053132,27.345383
27.08282255086089,27.041674
27.259964570946075,27.574392
32.181685281906,32.144497
30.437353341257488,30.205503
22.924671618998115,22.449913
28.004889369644324,27.855295
25.045119873932403,25.16748
24.59124055614148,24.931568
24.69264908043592,24.393072
23.79782068103156,23.424467
30.94061084272756,30.879728
29.106465770763133,29.086199
30.38581364801309,30.377014
31.6718191376981,31.63103
26.92926772197951,26.615883
26.58507204459207,26.576694
28.213448590642585,28.082153
29.520469317842423,29.436312
22.513283722449387,21.92145
31.88432507121984,32.003395
22.615716867702258,22.394958
20.997031447979992,21.053045
30.831550814793033,30.716116
24.222339739039068,24.487782
31.036077042134416,30.967987
29.5993103610053,29.883842
23.629240426958717,24.110708
32.583277015330836,32.582603
22.667735910411817,22.452213
29.784965703644836,29.87225
27.16442776276033,27.09268
23.068343405008974,23.525187
26.21569058479448,25.913847
29.700589426553403,29.766314
28.473253596014526,28.34553
30.491910660644105,30.388468
26.095843166452457,26.29437
26.532791098078036,27.000893
29.86559274415163,30.089378
28.832474545601315,28.586983
31.07862660528248,30.961952
30.092945080284665,30.05387
25.444442457922733,25.832285
22.499482769013586,22.923607
28.57398565637253,28.889824
28.930793008857783,29.061024
22.830340557505764,22.976095
31.302134552386335,30.972055
30.840934649407465,30.940048
20.74137480211585,20.390415
32.24924709685268,32.370674
19.73257797112685,20.468872
24.91114688201461,25.392942
29.639524251871073,29.390944
24.66929431560179,24.410313
27.415157825155696,27.249233
29.70147125042173,29.25964
22.72607455915476,22.174202
30.81017327178798,30.840181
26.51179568578832,26.121574
28.7339860002134,28.741055
25.732751284071583,25.665028
29.91402412043729,29.897415
25.782979362650583,25.847435
29.4012394627186,29.755646
30.30456488592663,30.380337
26.121782305438735,25.937223
28.836090399464737,29.08564
30.041414193575942,30.057938
22.079201921357203,21.500229
29.95886998127449,29.909122
27.92679844537844,28.207933
31.76369110984132,31.509142
30.36473687481664,30.319641
25.635850183323015,25.92649
30.01912835651219,29.92237
26.784887467869297,27.100962
22.619150801430138,23.33116
29.927424242198008,30.130117
30.40382077787483,30.024353
25.49291436030239,25.856544
26.79912545877343,26.2878
22.970833929952203,22.795065
30.833911916995117,30.8043
28.99797014248181,29.047659
29.666632895607524,29.699646
27.336526761064302,27.195042
32.141517295367606,32.09982
27.428402423430647,27.396866
22.290349660644043,21.654928
29.28106811166973,29.317572
26.275394615812,26.222504
29.144378338108584,28.918411
29.899059253098923,29.870333
24.103651655202313,23.594048
28.19723052832711,28.239708
22.028529563806735,22.593184
30.282643051813153,30.153637
26.4950724172289,26.354967
19.846450655645505,20.394798
21.067869233620208,21.070374
29.840684726804376,29.997938
25.83318814897616,25.86209
26.37057258608232,27.071922
30.806600795100685,31.03234
27.808890947645324,27.737106
27.495627971339527,27.713972
25.90036865465496,26.115908
29.874506765492946,29.684982
28.4419628309444,28.466425
27.2403187504925,27.412931
24.13888142646589,23.680986
25.883628550978727,26.16116
32.745719280131006,32.669067
29.4724154718473,29.607233
31.86838332291757,31.920347
31.668132312585307,31.633797
20.135004266977383,20.734812
29.8112982260425,29.548458
29.23716752097348,29.57005
31.606524660952616,31.539001
26.505848206266215,25.94543
29.239341984452857,29.241043
28.368344957642197,28.230656
20.882570575786957,20.973608
21.510419455777996,22.321877
25.30943998591489,25.524813
25.957542508066062,25.757483
20.194622419100035,20.860685
27.105419273106858,26.56465
30.599082293365484,30.675974
29.50416199514627,29.264881
29.106477330047554,28.70721
33.50509704047841,33.275833
34.26394710425,34.282837
30.250616946212393,30.46244
23.550280135710235,23.518185
28.12857209126006,28.349142
25.16943971094006,24.990421
12.876528577812543,13.039815
27.64662587164644,28.048351
29.30582941636957,29.287899
25.463262987116096,24.863132
24.55831569235424,24.814377
27.67900723172238,27.80707
28.640827017287087,28.832218
22.952405061924857,23.485657
28.919765640916022,28.670527
27.184351078848653,26.800766
26.707601282484298,26.637083
21.473304661029378,22.280739
29.511087975150197,29.347841
31.02648994930793,31.230463
28.62445347534552,28.449104
31.04036273235851,31.135504
28.174605901122025,27.792969
30.204676070126283,30.471333
27.462680857932384,27.582556
23.872408600436664,24.216122
20.631474416469572,20.947191
24.50341237942849,24.921179
30.23024437649728,30.255194
25.261475896505168,25.539059
30.568567056200145,30.206278
27.671063915045536,27.265127
33.39309456413508,33.31077
29.88583082082072,29.766745
24.32658280993513,24.864483
31.49789794170439,31.48968
26.893503317997947,27.075153
32.02626452741702,32.12426
27.28293244650504,27.238518
28.856411159180222,28.823145
30.342980344655537,30.213001
21.46219084667914,21.09254
23.7438370530069,23.16742
18.37039780590712,19.149624
31.32098485982216,31.419909
31.011208039799257,30.798529
27.421641361442425,27.901485
27.507401663542296,27.296722
22.7928215976622,22.278118
33.24335559394609,33.11367
23.21195208555404,23.369232
30.083421471889626,29.951187
26.902096169934865,27.353996
22.509379272762253,22.20415
27.380551493537773,27.239758
30.39466564699407,30.38677
22.665229262156792,22.399956
25.7895756976056,25.542408
30.97326103808184,31.17983
26.50391753994941,26.741264
27.952201608751892,27.824718
19.04834179486541,19.719374
26.61405054863029,27.108341
26.64865931647853,26.706347
23.40683167830695,23.495987
22.23549503919464,22.65468
29.786046460859993,29.875834
28.769978332799607,28.35755
31.70068984153933,31.551126
25.04529714423109,24.657505
31.54592836149974,31.710833
23.99494116336568,23.852543
28.106203048637575,28.28958
30.691477415016685,30.704575
24.66113805163053,24.712664
22.12443724811577,21.988285
21.44776133847209,21.82611
4.320952499698013,8.612069
26.317373935915658,26.529623
28.782291037672003,28.523201
26.071510223129756,26.22642
30.997515002302286,30.892834
25.83105095052053,25.319407
24.226362368332136,24.022366
30.966034339578417,31.14277
28.208174047578662,28.077606
28.3076484577645,28.005306
27.38160369814399,27.320122
27.826932268798867,27.87255
22.259857456691833,22.751814
30.182173629117003,29.96851
20.572170809763044,20.969503
22.621638367784826,22.760069
24.928895909061893,24.333961
18.618113372259643,18.921267
21.9879813759916,22.744043
30.61757286210858,30.236698
33.10091476879419,32.97841
20.630469792923172,20.43644
26.469458560973266,26.754177
30.79583205251474,30.827183
29.52959194881984,29.493324
24.038934423040928,23.427736
29.823032795202725,30.067373
30.027447638993472,29.61217
27.06561380575315,27.274115
24.17584864155364,24.2866
24.902308046553745,24.516077
33.013293175593596,33.018105
30.06825029830086,29.994867
30.58205718587793,30.63242
28.367863529949076,28.018217
26.631953877258525,26.414415
31.000084595929305,31.19597
29.763658185104468,29.952854
31.52610819982593,31.512394
26.584303664986937,26.442062
20.64949146903242,20.655603
23.14357712783263,23.136703
22.86823724110394,22.369959
27.28603674801836,27.091806
27.62923134921072,27.447289
25.426101794311094,25.327635
25.049643346116788,25.438345
27.709420218086112,27.677385
27.22128712828929,27.401386
29.508339611404946,29.50335
21.12268943071168,21.498383
30.88536696204705,31.209589
24.357168602698493,24.515823
31.83097224124369,31.7597
21.67275555807373,21.768122
23.290208482384607,23.034164
31.915075330455988,31.939713
33.088754966238255,33.04111
26.522334643207063,26.321842
22.91713638192279,23.146648
28.50796419616814,28.64226
26.86189595694361,26.504122
22.810791895125536,22.06342
27.356197078687288,27.126396
28.795905361534615,28.756239
29.01959725068272,28.887707
29.27174358679452,29.423723
21.055169301131254,20.36991
23.26144284180278,23.63955
21.00414666062122,20.97913
28.302712384391963,28.031693
21.87132368776112,21.57449
25.60045979999513,25.795534
22.447652051981507,22.835863
30.94740467681636,31.04338
32.18877835699422,32.26855
22.06448949538086,21.86408
28.92431330119773,28.933537
32.00137465682096,31.863161
23.79991790552987,23.807093
28.078787116376706,27.951801
23.136147766786873,23.480022
31.024164615733284,30.990942
24.778035544821343,24.979166
11.450822385548964,17.084213
22.04242383927692,21.666275
29.786948854354012,29.87718
28.813502980277484,28.801535
28.89577324381939,29.047825
30.283664018311455,29.902779
27.743136716520908,27.657843
29.976982068869212,29.991322
40.122239426772936,40.127087
21.142897923066556,21.622288
23.020467554784005,23.407818
32.83075837881709,32.768013
22.70563175313285,22.44286
19.25062822831021,20.001078
30.43172075540784,30.537611
23.362550538275855,23.59957
29.58584811967373,29.623241
23.484722467915837,23.357832
33.937598758163844,33.716938
23.39397436649037,23.720291
23.85624737942659,24.00612
31.351458181265578,31.342958
18.912615871751843,18.993032
24.527028627495312,24.88603
27.46989302023119,27.33731
30.320457960048987,30.080357
23.007690487522424,23.242619
26.82052942048392,27.115759
24.355574749091915,24.5067
22.49192028136947,22.266514
23.522181231372336,24.104267
23.644686365307905,23.83918
28.692584376409865,28.861881
21.77693639062696,20.9963
29.18061991111935,29.133204
27.11170249169551,27.028305
27.92973474507895,27.819477
30.31701763971585,30.195854
26.390984818090313,26.208147
28.34681192244023,28.41238
27.758643899861852,27.670893
26.85879509061851,27.008009
29.25844930695667,29.10641
27.36862835902873,27.030598
31.979759945183105,31.99816
26.80444165432768,26.983208
28.075641248757712,28.349377
28.4622659279794,28.49758
29.63955552533459,29.671417
27.175149192173084,27.157652
33.89563551759201,33.580315
27.91503565348785,27.953215
28.731639553847103,28.865423
25.03385045780027,25.13472
26.248774579283836,26.575346
21.754341846009034,21.277187
25.632153285780976,25.336147
21.9056605521097,21.83264
25.499831819304553,13.664129
25.035554557290546,24.361797
26.861215782719647,26.746492
31.028179055613528,30.983269
28.625551741037405,28.498209
24.661306803837,24.627207
30.516030753692704,30.472832
26.964104772662782,27.46547
28.118283947952023,28.15298
31.719158600472433,31.69666
32.155069542982616,32.187656
28.939607464389344,28.740797
29.864983629748252,30.236073
30.74225703312428,30.859964
22.676300119438498,22.262915
27.986743111682383,27.807695
26.926292854102012,26.856018
30.420621549424624,30.541166
29.318782156528773,29.359592
